SK_ID_CURR,SK_ID_BUREAU,CREDIT_ACTIVE,CREDIT_CURRENCY,DAYS_CREDIT,CREDIT_DAY_OVERDUE,DAYS_CREDIT_ENDDATE,DAYS_ENDDATE_FACT,AMT_CREDIT_MAX_OVERDUE,CNT_CREDIT_PROLONG,AMT_CREDIT_SUM,AMT_CREDIT_SUM_DEBT,AMT_CREDIT_SUM_LIMIT,AMT_CREDIT_SUM_OVERDUE,CREDIT_TYPE,DAYS_CREDIT_UPDATE,AMT_ANNUITY
305481,5916012,Closed,currency 1,-1531,0,-435.0,-846.0,,0,450000.0,0.0,,0.0,Credit card,-846,0.0
288975,5667606,Closed,currency 1,-2263,0,-1166.0,-1165.0,,0,169884.0,0.0,0.0,0.0,Consumer credit,-1164,
309911,6052617,Closed,currency 1,-932,0,911.0,-233.0,,0,112500.0,0.0,,0.0,Credit card,-228,
358247,6025723,Closed,currency 1,-800,0,-70.0,-636.0,,0,140611.5,,,0.0,Consumer credit,-636,0.0
452117,5242575,Closed,currency 1,-782,0,-417.0,-415.0,0.0,0,43960.5,0.0,0.0,0.0,Consumer credit,-415,
100251,5777091,Closed,currency 1,-1734,0,-630.0,-920.0,13768.965,0,135000.0,-39.51,39.51,0.0,Credit card,-920,
416285,6051737,Closed,currency 1,-1463,0,1094.0,-672.0,,0,675000.0,0.0,0.0,0.0,Consumer credit,-521,0.0
284751,6150346,Closed,currency 1,-600,0,-423.0,-423.0,6999.57,0,43903.35,0.0,0.0,0.0,Consumer credit,-423,
433752,5742147,Active,currency 1,-788,0,524.0,,,0,135000.0,119322.0,0.0,0.0,Credit card,-101,
246369,6364518,Closed,currency 1,-556,0,-405.0,-427.0,,0,19179.72,0.0,,0.0,Consumer credit,-423,
218577,5857001,Closed,currency 1,-899,0,-511.0,-203.0,,0,81000.0,0.0,0.0,0.0,Credit card,-200,
348530,5714875,Closed,currency 1,-1530,0,-799.0,-817.0,0.0,0,162900.0,,,0.0,Consumer credit,-813,
231140,5111337,Closed,currency 1,-886,0,-732.0,-725.0,,0,90000.0,0.0,0.0,0.0,Consumer credit,-614,
257778,6531028,Active,currency 1,-1255,0,589.0,,,0,247500.0,231008.085,16491.915,0.0,Credit card,-11,
337872,5051327,Closed,currency 1,-1413,0,-682.0,-665.0,,0,110695.5,0.0,0.0,0.0,Consumer credit,-665,
453561,6288733,Closed,currency 1,-1729,0,-1070.0,-236.0,,0,0.0,0.0,,0.0,Credit card,-233,
285396,5574878,Active,currency 1,-42,0,989.0,,,0,67500.0,17014.5,50485.5,0.0,Credit card,-12,
321570,5136818,Closed,currency 1,-502,0,-318.0,-409.0,0.0,0,23962.5,0.0,0.0,0.0,Consumer credit,-402,
205026,5596648,Active,currency 1,-1423,0,40.0,,,0,667080.0,57771.0,0.0,0.0,Consumer credit,-38,
287227,5808378,Active,currency 1,-875,0,31101.0,,,0,585000.0,0.0,0.0,0.0,Credit card,-6,0.0
180549,6198564,Closed,currency 1,-1397,0,-546.0,-725.0,,0,193446.0,0.0,0.0,0.0,Consumer credit,-725,
169030,6645597,Closed,currency 1,-2283,0,-2102.0,-2102.0,,0,74983.5,,,0.0,Consumer credit,-2102,0.0
330661,6356527,Active,currency 1,-296,0,8.0,,0.0,0,54013.5,4608.225,0.0,0.0,Consumer credit,-20,4690.44
224550,6397022,Active,currency 1,-231,0,500.0,,0.0,0,261000.0,200277.0,0.0,0.0,Consumer credit,-15,
447491,5127127,Active,currency 1,-185,0,1641.0,,,0,1800000.0,1715472.0,0.0,0.0,Consumer credit,-27,
340895,6166839,Closed,currency 1,-1348,0,-983.0,-983.0,,0,94203.0,0.0,0.0,0.0,Consumer credit,-983,
408391,5983212,Closed,currency 1,-288,0,-224.0,-224.0,,0,27148.5,0.0,0.0,0.0,Consumer credit,-218,0.0
306619,6088641,Active,currency 1,-332,0,1489.0,,,0,540000.0,538308.0,,0.0,Credit card,-9,34470.0
357536,5199639,Closed,currency 1,-2915,0,-2611.0,-2606.0,,0,49675.5,0.0,0.0,0.0,Consumer credit,-2594,
406673,6496361,Active,currency 1,-350,0,992.0,,,0,283500.0,214600.5,0.0,0.0,Consumer credit,-18,
104453,6716444,Closed,currency 1,-746,0,-566.0,-538.0,,0,39384.0,,,0.0,Consumer credit,-532,
193611,6352253,Closed,currency 1,-1972,0,-1790.0,-1038.0,,0,51480.0,,,0.0,Consumer credit,-1035,
256967,5013737,Closed,currency 1,-707,0,-582.0,-582.0,0.0,0,53257.5,0.0,0.0,0.0,Consumer credit,-579,
433704,5495664,Closed,currency 1,-1280,0,-549.0,-522.0,,0,177714.0,,,0.0,Consumer credit,-516,
191734,5981709,Active,currency 1,-1089,0,737.0,,,0,1125000.0,584739.0,0.0,0.0,Consumer credit,-19,27963.0
298356,5931408,Closed,currency 1,-1602,0,-871.0,-869.0,,0,227542.5,0.0,,0.0,Consumer credit,-497,
450891,6447448,Active,currency 1,-624,0,,,0.0,0,310500.0,0.0,0.0,0.0,Credit card,-4,31050.0
162699,5639059,Active,currency 1,-768,0,635.0,,,0,270000.0,191785.5,0.0,0.0,Credit card,-46,
142917,6001423,Closed,currency 1,-1061,0,-849.0,-875.0,,0,15119.82,0.0,,0.0,Consumer credit,-18,
268208,6113053,Active,currency 1,-232,0,1230.0,,0.0,0,1350000.0,,,0.0,Consumer credit,-16,
455838,6290628,Closed,currency 1,-232,0,-48.0,-110.0,0.0,0,57420.0,0.0,0.0,0.0,Consumer credit,-110,
120970,5334976,Closed,currency 1,-2306,0,-2121.0,-2121.0,,0,43146.0,0.0,,0.0,Consumer credit,-1100,
286555,6200648,Closed,currency 1,-1845,0,-1480.0,-1477.0,,0,90000.0,0.0,0.0,0.0,Consumer credit,-342,
170273,6829606,Closed,currency 1,-511,0,-146.0,-146.0,,0,144265.5,0.0,,0.0,Consumer credit,-106,
332929,5221212,Closed,currency 1,-1873,0,-1568.0,-1567.0,,0,45000.0,0.0,,0.0,Consumer credit,-904,
327406,5611114,Closed,currency 1,-1465,0,-369.0,-452.0,,0,234373.5,0.0,0.0,0.0,Consumer credit,-448,
347547,6239835,Active,currency 1,-892,0,212.0,,,0,450000.0,242797.5,,0.0,Consumer credit,-237,
421147,5949666,Closed,currency 1,-1859,0,-1490.0,-1490.0,,0,61924.5,,,0.0,Consumer credit,-1490,
383099,5916439,Active,currency 1,-323,0,1047.0,,,0,315000.0,304590.555,,0.0,Consumer credit,-5,
454456,6720580,Active,currency 1,-2766,0,-2585.0,,,0,33907.5,0.0,0.0,0.0,Consumer credit,-2546,
402441,5058352,Closed,currency 1,-363,0,-198.0,-198.0,0.0,0,225000.0,0.0,0.0,0.0,Consumer credit,-198,0.0
393801,5705507,Active,currency 1,-612,0,118.0,,,0,93712.5,29218.5,,0.0,Consumer credit,-35,
225806,6575420,Closed,currency 1,-1136,0,-406.0,-1020.0,,0,225000.0,0.0,0.0,0.0,Credit card,-611,0.0
194305,5146896,Closed,currency 1,-513,0,-513.0,-513.0,,0,0.0,0.0,,0.0,Credit card,-513,
416778,5260203,Closed,currency 1,-940,0,-756.0,-815.0,,0,31482.45,0.0,,0.0,Consumer credit,-708,
153292,5388122,Closed,currency 1,-2794,0,-2429.0,-2429.0,0.0,0,45000.0,,,0.0,Consumer credit,-2429,
208715,6715385,Closed,currency 1,-2585,0,-2203.0,-2189.0,,0,293931.0,,,0.0,Consumer credit,-2189,
162328,5607089,Closed,currency 1,-1553,0,-1188.0,-1188.0,,0,67500.0,0.0,0.0,0.0,Consumer credit,-1037,
353398,5747716,Active,currency 1,-1183,0,644.0,,,0,279000.0,129568.5,0.0,0.0,Consumer credit,-10,
373646,6176840,Active,currency 1,-1018,0,210.0,,,0,180000.0,0.0,0.0,0.0,Credit card,-107,
140559,5910341,Closed,currency 1,-1436,0,-1070.0,-1053.0,,0,63810.0,0.0,0.0,0.0,Consumer credit,-797,
337701,6426155,Closed,currency 1,-817,0,-636.0,-631.0,,0,31365.0,0.0,0.0,0.0,Consumer credit,-630,
375544,6827573,Closed,currency 1,-697,0,369.0,-589.0,,0,450000.0,,,0.0,Consumer credit,-589,0.0
144630,5673670,Active,currency 1,-551,0,1275.0,,15300.135,0,1588235.31,1321878.915,0.0,0.0,Consumer credit,-33,
194900,6027873,Active,currency 1,-592,0,-288.0,,0.0,0,109665.0,89131.635,0.0,0.0,Consumer credit,-516,12051.0
326041,6614632,Closed,currency 1,-1238,0,-1084.0,-1084.0,,0,49500.0,0.0,0.0,0.0,Consumer credit,-1036,0.0
219114,6527711,Closed,currency 1,-1437,0,-342.0,-867.0,,0,0.0,0.0,0.0,0.0,Credit card,-779,
204442,5748257,Closed,currency 1,-348,0,-317.0,-317.0,,0,77764.5,0.0,0.0,0.0,Consumer credit,-294,
340811,5363873,Closed,currency 1,-2481,0,-2358.0,-2358.0,0.0,0,18000.0,0.0,0.0,0.0,Consumer credit,-2355,
169849,6017334,Closed,currency 1,-1756,0,70.0,-825.0,,0,900000.0,0.0,0.0,0.0,Consumer credit,-470,
140111,5852019,Closed,currency 1,-2880,0,-2727.0,-2667.0,,0,65430.0,0.0,,0.0,Consumer credit,-1875,
433199,5961764,Closed,currency 1,-2404,0,-1650.0,-1650.0,0.0,0,225000.0,,,0.0,Consumer credit,-1650,
455139,6231875,Closed,currency 1,-736,0,-374.0,-639.0,,0,45000.0,,,0.0,Consumer credit,-358,18931.5
126052,5154645,Active,currency 1,-932,0,894.0,,,0,135000.0,86233.5,0.0,0.0,Consumer credit,-15,0.0
336863,6598710,Active,currency 1,-32,0,269.0,,0.0,0,54650.7,54650.7,0.0,0.0,Consumer credit,-9,
139558,6597427,Closed,currency 1,-2072,0,-1860.0,-1877.0,5355.0,0,26618.85,0.0,0.0,0.0,Consumer credit,-1859,
184519,6276963,Active,currency 1,-2635,0,8896.0,,,0,25200.0,,,0.0,Credit card,-29,0.0
199549,5186306,Closed,currency 1,-549,0,-365.0,-358.0,,0,26680.5,0.0,0.0,0.0,Consumer credit,-357,
217670,5061435,Closed,currency 1,-648,0,-556.0,-556.0,0.0,0,51901.245,0.0,0.0,0.0,Consumer credit,-551,
349910,5187400,Active,currency 1,-287,0,,,,0,90000.0,,,0.0,Credit card,-286,
160005,5760900,Closed,currency 1,-98,0,-80.0,-80.0,,0,101088.0,0.0,0.0,0.0,Consumer credit,-74,0.0
237701,5467480,Closed,currency 1,-619,0,111.0,-322.0,,0,333900.0,0.0,0.0,0.0,Consumer credit,-318,0.0
455171,5719524,Closed,currency 1,-683,0,-621.0,-679.0,,0,45000.0,0.0,,0.0,Consumer credit,-679,0.0
192958,6570103,Closed,currency 1,-1291,0,-741.0,-739.0,,0,81000.0,0.0,0.0,0.0,Consumer credit,-739,
171346,6360051,Closed,currency 1,-1566,0,-835.0,-813.0,54935.19,0,1125000.0,0.0,0.0,0.0,Consumer credit,-593,
336181,5998819,Active,currency 1,-309,0,1517.0,,,0,1471500.0,1349280.0,0.0,0.0,Consumer credit,-30,
282746,5903150,Closed,currency 1,-960,0,-837.0,-868.0,,0,13464.0,0.0,0.0,0.0,Consumer credit,-867,0.0
333824,6674760,Closed,currency 1,-2060,0,31088.0,-1545.0,,0,34200.0,0.0,0.0,0.0,Credit card,-578,0.0
394461,6328828,Active,currency 1,-429,0,1248.0,,0.0,0,0.0,0.0,0.0,0.0,Credit card,-429,
416546,5650384,Closed,currency 1,-1721,0,-1387.0,-1416.0,0.0,0,69940.35,0.0,0.0,0.0,Consumer credit,-1416,
102626,6640620,Closed,currency 1,-2355,0,-1865.0,-1740.0,7910.64,0,129123.0,0.0,0.0,0.0,Consumer credit,-627,
445836,5241053,Closed,currency 1,-2359,0,-2055.0,-2054.0,,0,186241.5,0.0,,0.0,Consumer credit,-1135,
158646,6166930,Closed,currency 1,-805,0,-44.0,-44.0,,0,401787.0,0.0,,0.0,Credit card,-44,
443148,6481839,Closed,currency 1,-2735,0,-2188.0,-2315.0,,0,202500.0,0.0,0.0,0.0,Consumer credit,-1406,
155817,5107807,Closed,currency 1,-842,0,,-314.0,,0,225000.0,,,0.0,Consumer credit,-314,
249007,5872236,Closed,currency 1,-658,0,1167.0,-112.0,,0,1125000.0,0.0,,0.0,Consumer credit,-112,17694.0
248907,5316002,Active,currency 1,-640,0,455.0,,0.0,0,675000.0,394488.945,0.0,0.0,Consumer credit,-25,
339475,6792025,Closed,currency 1,-2725,0,-856.0,-824.0,,0,0.0,0.0,0.0,0.0,Credit card,-155,
208794,5281781,Closed,currency 1,-1156,0,-788.0,-788.0,,0,101205.0,0.0,0.0,0.0,Consumer credit,-756,
188182,6660803,Closed,currency 1,-1386,0,-1164.0,-1164.0,0.0,0,76558.5,,,0.0,Consumer credit,-411,
374452,6549975,Active,currency 1,-72,0,114.0,,0.0,0,69705.0,48973.5,0.0,0.0,Consumer credit,-11,9957.87
428885,6149762,Closed,currency 1,-1874,0,-1506.0,-1503.0,,0,225000.0,0.0,0.0,0.0,Consumer credit,-1347,
441902,6074568,Active,currency 1,-554,0,733.0,,,0,360000.0,347242.5,0.0,0.0,Credit card,-66,
337865,5738711,Active,currency 1,-323,0,1503.0,,,0,949500.0,854964.0,0.0,0.0,Consumer credit,-15,
431887,5479847,Active,currency 1,-2562,0,-1445.0,-2452.0,0.0,0,45000.0,0.0,0.0,0.0,Credit card,-645,
417390,5572929,Active,currency 1,-2840,0,-1739.0,,0.0,0,225000.0,0.0,0.0,0.0,Credit card,-619,
270824,6174296,Active,currency 1,-193,0,-9.0,,0.0,0,75600.0,13347.0,0.0,0.0,Consumer credit,-38,
183641,6081157,Closed,currency 1,-1681,0,-1454.0,-1454.0,,0,180000.0,0.0,0.0,0.0,Consumer credit,-1441,
381038,5822374,Closed,currency 1,-886,0,-766.0,-792.0,,0,61747.74,0.0,,0.0,Consumer credit,-788,
371910,5940737,Active,currency 1,-168,0,1658.0,,,0,620730.0,590796.0,0.0,0.0,Consumer credit,-16,17307.0
278828,5804508,Active,currency 1,-334,0,762.0,,0.0,0,225000.0,0.0,225000.0,0.0,Credit card,-164,
412236,5947128,Closed,currency 1,-753,0,-23.0,-23.0,0.0,0,199253.835,0.0,0.0,0.0,Consumer credit,-21,
339846,5591941,Closed,currency 1,-1015,0,-649.0,-802.0,,0,92470.5,0.0,0.0,0.0,Consumer credit,-746,
296470,5098364,Closed,currency 1,-1440,0,-1134.0,-1197.0,,0,39600.0,0.0,,0.0,Consumer credit,-1197,
375795,6160936,Closed,currency 1,-404,0,-39.0,-39.0,,0,281880.0,0.0,,0.0,Consumer credit,-39,0.0
367306,5267737,Closed,currency 1,-475,0,-296.0,-296.0,,0,95134.5,0.0,,0.0,Consumer credit,-294,
214093,6414468,Active,currency 1,-331,0,734.0,,,0,301500.0,231376.5,0.0,0.0,Consumer credit,-21,
147541,6434980,Active,currency 1,-59,0,34.0,,0.0,0,29565.0,19962.765,0.0,0.0,Consumer credit,-28,10659.645
167483,5797322,Closed,currency 1,-598,0,-233.0,-233.0,0.0,0,73752.3,0.0,0.0,0.0,Consumer credit,-233,
422022,6330165,Active,currency 1,-2792,0,-968.0,,,0,202500.0,23539.5,0.0,0.0,Consumer credit,-1165,
440856,6189530,Closed,currency 1,-867,0,-321.0,-408.0,,0,106289.01,0.0,,0.0,Consumer credit,-407,12861.0
162477,6339607,Closed,currency 1,-1626,0,-1292.0,-1320.0,,0,24259.5,0.0,,0.0,Consumer credit,-864,
452049,5123414,Active,currency 1,-136,0,595.0,,,0,509400.0,439192.8,,0.0,Consumer credit,-3,
224948,5694129,Active,currency 1,-14,0,923.0,,,0,67500.0,70218.0,0.0,0.0,Credit card,-7,
195467,5330098,Closed,currency 1,-1189,0,-732.0,-714.0,6568.92,0,84933.0,0.0,0.0,0.0,Consumer credit,-713,
249813,5054280,Active,currency 1,-1088,0,22.0,,0.0,0,738000.0,49984.965,0.0,0.0,Consumer credit,-34,27054.0
256372,6119272,Closed,currency 1,-1480,0,-202.0,-1206.0,,0,45000.0,,,0.0,Consumer credit,-1150,10612.485
419962,6282050,Closed,currency 1,-572,0,1254.0,-269.0,7658.82,0,783198.0,0.0,0.0,0.0,Consumer credit,-269,
130902,6304343,Closed,currency 1,-1503,0,323.0,-800.0,,0,1421955.0,0.0,0.0,0.0,Consumer credit,-796,38443.5
436134,5698227,Closed,currency 1,-2359,0,-1992.0,-1992.0,12157.11,0,133605.0,0.0,0.0,0.0,Consumer credit,-1992,
402648,5346877,Closed,currency 1,-900,0,-686.0,-715.0,32310.0,0,176814.18,0.0,0.0,0.0,Consumer credit,-715,
218434,6324133,Closed,currency 1,-246,0,-95.0,-95.0,15246.99,0,116260.245,0.0,0.0,0.0,Consumer credit,-95,
201713,6502194,Closed,currency 1,-1387,0,-1204.0,-1199.0,,0,26991.0,0.0,0.0,0.0,Consumer credit,-706,
102839,6376001,Active,currency 1,-203,0,528.0,,24499.89,0,729000.0,611572.5,0.0,0.0,Consumer credit,-45,
157936,5920562,Active,currency 1,-271,0,1199.0,,,0,90000.0,0.0,0.0,0.0,Credit card,-116,
386142,6381405,Closed,currency 1,-1721,0,-625.0,-1113.0,0.0,0,941544.0,0.0,0.0,0.0,Consumer credit,-1068,
324377,5752193,Active,currency 1,-336,0,1490.0,,,0,342000.0,307201.5,0.0,0.0,Consumer credit,-29,7744.5
132994,5049988,Active,currency 1,-837,0,6102.0,,,0,1593000.0,1531408.5,0.0,0.0,Mortgage,-11,
235504,5247260,Closed,currency 1,-147,0,584.0,-116.0,0.0,0,370762.38,0.0,0.0,0.0,Consumer credit,-115,
115382,6251224,Active,currency 1,-189,0,118.0,,0.0,0,68940.0,37485.0,0.0,0.0,Consumer credit,-29,
306950,5448139,Closed,currency 1,-2472,0,-1741.0,-1741.0,,0,180000.0,0.0,0.0,0.0,Consumer credit,-1731,
313573,5968162,Active,currency 1,-165,0,572.0,,,0,175500.0,136048.5,,0.0,Credit card,-4,0.0
406956,5540005,Closed,currency 1,-1368,0,-272.0,-364.0,,0,450000.0,0.0,0.0,0.0,Consumer credit,-11,
384860,6058025,Active,currency 1,-1128,0,698.0,,,0,369000.0,170271.0,0.0,0.0,Consumer credit,-30,8428.5
373149,5523391,Closed,currency 1,-1314,0,-950.0,-950.0,0.0,0,89955.0,,,0.0,Consumer credit,-943,
276319,5897924,Closed,currency 1,-2770,0,8188.0,-213.0,0.0,0,0.0,,,0.0,Credit card,-213,
204929,6085035,Closed,currency 1,-1153,0,339.0,-726.0,,0,697500.0,0.0,,0.0,Consumer credit,-713,
195070,6719795,Active,currency 1,-258,0,44.0,,,0,113845.5,27769.5,,0.0,Consumer credit,-14,0.0
125433,5592678,Closed,currency 1,-757,0,-454.0,-448.0,,0,103005.0,0.0,0.0,0.0,Consumer credit,-447,
292244,5729694,Closed,currency 1,-2239,0,8718.0,-1762.0,268024.5,1,2288250.0,,,0.0,Credit card,-1762,
180475,5879893,Active,currency 1,-2533,0,31143.0,,,0,396000.0,382635.0,,0.0,Credit card,-418,
299310,6270416,Closed,currency 1,-1370,0,-274.0,-609.0,0.0,0,1937250.0,,,0.0,Car loan,-608,
142555,6320795,Closed,currency 1,-1106,0,-739.0,-746.0,,0,134955.0,0.0,0.0,0.0,Consumer credit,-745,
441412,5683450,Closed,currency 1,-1835,0,-1471.0,-1026.0,,0,137250.0,,,0.0,Consumer credit,-1023,54900.0
363737,5172043,Closed,currency 1,-450,0,-79.0,-97.0,0.0,0,675000.0,0.0,0.0,0.0,Consumer credit,-93,
174856,6489398,Closed,currency 1,-1535,0,-559.0,-565.0,0.0,0,423000.0,,,0.0,Consumer credit,-169,
350492,6352154,Closed,currency 1,-583,0,1243.0,-105.0,,0,189000.0,0.0,0.0,0.0,Consumer credit,-52,
392190,5877860,Closed,currency 1,-1143,0,-413.0,-534.0,0.0,0,216000.0,0.0,0.0,0.0,Consumer credit,-534,
260077,5703127,Closed,currency 1,-1898,0,-1591.0,-1591.0,0.0,0,76927.5,0.0,0.0,0.0,Consumer credit,-1590,
174643,6328505,Active,currency 1,-122,0,974.0,,,0,1210500.0,1121247.0,0.0,0.0,Consumer credit,-21,
412295,5358636,Active,currency 1,-412,0,684.0,,,0,475690.5,353466.0,0.0,0.0,Consumer credit,-15,
268751,6371383,Closed,currency 1,-1139,0,688.0,-480.0,,0,1215000.0,0.0,0.0,0.0,Consumer credit,-448,
185405,6454093,Active,currency 1,-1085,0,11.0,,,0,661500.0,46971.0,0.0,0.0,Consumer credit,-37,0.0
229134,6749227,Active,currency 1,-1121,0,,,,0,141750.0,0.0,,0.0,Credit card,-951,
162003,6763489,Active,currency 1,-42,0,325.0,,0.0,0,41544.0,38776.5,0.0,0.0,Consumer credit,-11,3195.675
116270,6102715,Active,currency 1,-780,0,31129.0,,,0,225000.0,52191.0,,0.0,Credit card,-32,
429662,5967275,Closed,currency 1,-1243,0,-1059.0,-1081.0,,0,21078.0,0.0,,0.0,Consumer credit,-1056,
402790,6270378,Closed,currency 1,-1101,0,-978.0,-978.0,0.0,0,25497.0,0.0,0.0,0.0,Consumer credit,-977,
285968,5463901,Active,currency 1,-1700,0,-1335.0,,9698.805,0,94702.5,0.0,0.0,0.0,Consumer credit,-36,
271764,5801452,Active,currency 1,-847,0,249.0,,,0,135000.0,102249.0,,0.0,Credit card,-25,
172750,6329348,Active,currency 1,-376,0,1450.0,,,0,180000.0,161932.5,0.0,0.0,Consumer credit,-48,
231689,5017733,Closed,currency 1,-761,0,-578.0,-549.0,,0,14850.0,,,0.0,Consumer credit,-543,0.0
204277,6782369,Active,currency 1,-231,0,865.0,,,0,540000.0,476739.0,0.0,0.0,Consumer credit,-12,0.0
426681,6499106,Closed,currency 1,-709,0,-421.0,-421.0,,0,9000.0,0.0,0.0,0.0,Consumer credit,-347,
336885,6333775,Closed,currency 1,-2152,0,-1056.0,-1147.0,,0,225000.0,0.0,0.0,0.0,Consumer credit,-862,0.0
334464,6274552,Closed,currency 1,-968,0,-236.0,-534.0,,0,225000.0,0.0,0.0,0.0,Consumer credit,-476,
324246,6330499,Closed,currency 1,-1622,0,-1531.0,-947.0,,0,13873.5,,,0.0,Consumer credit,-944,
343433,6694060,Closed,currency 1,-2838,0,-2626.0,-2655.0,0.0,0,14531.22,0.0,0.0,0.0,Consumer credit,-2655,
104687,5762567,Closed,currency 1,-2400,0,-2215.0,-2214.0,0.0,0,28597.5,,,0.0,Consumer credit,-2209,
370519,6138285,Closed,currency 1,-730,0,-366.0,-339.0,,0,158071.5,,,0.0,Consumer credit,-333,4999.5
363581,6224829,Closed,currency 1,-1539,0,-1369.0,-1369.0,,0,19440.0,0.0,,0.0,Consumer credit,-1058,
252284,6691704,Active,currency 1,-1032,0,-698.0,,,0,25438.5,8505.0,0.0,0.0,Consumer credit,-518,
379390,5269377,Closed,currency 1,-2782,0,-2570.0,-2750.0,0.0,0,20781.18,0.0,0.0,0.0,Consumer credit,-2352,
254437,6767346,Closed,currency 1,-509,0,-144.0,-143.0,,0,137430.0,0.0,0.0,0.0,Consumer credit,-141,0.0
450522,6658099,Closed,currency 1,-1291,0,-1047.0,-1047.0,,0,164556.0,0.0,0.0,0.0,Consumer credit,-977,0.0
394772,5170429,Closed,currency 1,-1368,0,-1275.0,-1307.0,,0,12600.0,0.0,,0.0,Consumer credit,-1307,0.0
142042,5283724,Closed,currency 1,-1528,0,-1165.0,-1347.0,,0,900000.0,0.0,0.0,0.0,Consumer credit,-1345,50850.0
420041,5353182,Closed,currency 1,-1426,0,-330.0,-481.0,,0,675000.0,0.0,0.0,0.0,Consumer credit,-469,0.0
398005,5138405,Active,currency 1,-2109,0,8848.0,,21951.0,1,139725.0,,,0.0,Credit card,-1108,
138780,6727866,Closed,currency 1,-156,0,-140.0,-137.0,,0,22500.0,0.0,0.0,0.0,Consumer credit,-121,4374.0
256975,5910232,Active,currency 1,-607,0,489.0,,0.0,0,628200.0,383215.5,0.0,0.0,Consumer credit,-57,
233236,5801022,Active,currency 1,-1512,0,314.0,,0.0,0,4500.0,0.0,0.0,0.0,Credit card,-629,
138008,5266003,Active,currency 1,-189,0,542.0,,,0,531000.0,435586.5,0.0,0.0,Consumer credit,-33,26640.0
252166,5885678,Closed,currency 1,-2702,0,-2668.0,-2668.0,,0,73197.0,,,0.0,Credit card,-2668,
260462,5766698,Closed,currency 1,-781,0,10176.0,-691.0,0.0,0,0.0,,,0.0,Credit card,-691,
149263,5528147,Closed,currency 1,-2898,0,-2167.0,-2762.0,,0,142735.5,0.0,,0.0,Consumer credit,-2760,
163239,6415413,Closed,currency 1,-2771,0,-2618.0,-2618.0,0.0,0,13500.0,0.0,0.0,0.0,Consumer credit,-2616,
173054,5499084,Active,currency 1,-169,0,135.0,,,0,67527.0,29853.0,,0.0,Consumer credit,-12,
197397,5127181,Closed,currency 1,-1353,0,-987.0,-986.0,,0,114903.0,0.0,0.0,0.0,Consumer credit,-986,
297626,5632076,Closed,currency 1,-1203,0,-1049.0,-1033.0,,0,22333.5,0.0,0.0,0.0,Consumer credit,-777,
313221,5154820,Active,currency 1,-2435,0,31012.0,,,0,105750.0,0.0,,0.0,Credit card,-1554,0.0
430286,5576896,Active,currency 1,-1380,0,446.0,,,0,989100.0,389848.5,0.0,0.0,Consumer credit,-45,
160480,5540665,Closed,currency 1,-1437,0,-1155.0,-1155.0,,0,140490.0,0.0,0.0,0.0,Consumer credit,-1153,
381626,6572449,Closed,currency 1,-2740,0,-2344.0,-2403.0,0.0,0,34264.8,0.0,0.0,0.0,Consumer credit,-2403,
380563,5076178,Closed,currency 1,-523,0,-110.0,-110.0,4355.415,0,135004.5,0.0,0.0,0.0,Consumer credit,-110,
267452,5099766,Closed,currency 1,-226,0,-196.0,-196.0,0.0,0,23331.15,0.0,0.0,0.0,Consumer credit,-194,3780.0
360665,5126245,Closed,currency 1,-1831,0,-735.0,-1580.0,,0,449100.0,0.0,,0.0,Consumer credit,-1578,25690.5
248368,6160435,Active,currency 1,-314,0,667.0,,,0,405000.0,416133.0,0.0,0.0,Credit card,-6,25200.0
441393,6018007,Closed,currency 1,-650,0,-469.0,-468.0,4840.245,0,30087.45,0.0,0.0,0.0,Consumer credit,-464,
373855,6128090,Closed,currency 1,-482,0,-371.0,-371.0,0.0,0,180000.0,0.0,0.0,0.0,Consumer credit,-369,
225172,5375008,Closed,currency 1,-759,0,-576.0,-576.0,0.0,0,36046.8,0.0,0.0,0.0,Consumer credit,-570,
272839,6497719,Closed,currency 1,-2897,0,-2532.0,-2530.0,,0,580500.0,0.0,0.0,0.0,Car loan,-2509,0.0
245507,5379892,Active,currency 1,-103,0,1723.0,,0.0,0,888157.89,866429.955,0.0,0.0,Consumer credit,-11,
282326,6386165,Closed,currency 1,-874,0,952.0,-422.0,,0,900000.0,0.0,,0.0,Consumer credit,-422,
301390,6664151,Closed,currency 1,-1208,0,-1025.0,-1025.0,0.0,0,19080.945,0.0,0.0,0.0,Consumer credit,-1025,
218217,5176995,Closed,currency 1,-655,0,1355.0,-318.0,,0,0.0,0.0,,0.0,Credit card,-225,
189571,5865522,Closed,currency 1,-1209,0,-113.0,-874.0,,0,1414912.5,,,0.0,Car loan,-7,
298916,6068668,Closed,currency 1,-608,0,-546.0,-546.0,0.0,0,58751.1,0.0,0.0,0.0,Consumer credit,-544,
275374,5169225,Closed,currency 1,-2608,0,-2061.0,-2097.0,,0,180000.0,0.0,0.0,0.0,Consumer credit,-1388,7263.0
171843,6674686,Closed,currency 1,-2338,0,-513.0,-862.0,,0,315000.0,0.0,0.0,0.0,Consumer credit,-252,0.0
154335,6581341,Active,currency 1,-309,0,1524.0,,0.0,0,0.0,0.0,0.0,0.0,Credit card,-14,
397401,6162740,Closed,currency 1,-1281,0,-977.0,-917.0,,0,71122.5,,,0.0,Consumer credit,-914,0.0
178687,5505399,Active,currency 1,-269,0,278.0,,,0,175500.0,113409.0,0.0,0.0,Consumer credit,-24,
391023,5348759,Closed,currency 1,-711,0,-170.0,-506.0,0.0,0,146781.0,0.0,0.0,0.0,Consumer credit,-435,
358421,5518967,Closed,currency 1,-2843,0,-281.0,-469.0,32963.31,0,225000.0,690806.385,-15806.385,0.0,Credit card,-469,
118996,5161379,Closed,currency 1,-2173,0,-1961.0,-1989.0,3780.0,0,19291.68,0.0,0.0,0.0,Consumer credit,-1989,
182275,5953735,Closed,currency 1,-50,0,-7.0,-35.0,,0,9000.0,0.0,,0.0,Consumer credit,-35,0.0
242935,6336045,Closed,currency 1,-1809,0,-1444.0,-1444.0,,0,238450.5,0.0,,0.0,Consumer credit,-1242,
265230,5471994,Closed,currency 1,-2705,0,948.0,-970.0,,0,2351250.0,0.0,0.0,0.0,Mortgage,-830,
347067,6507359,Closed,currency 1,-1604,0,-1293.0,-1293.0,22.5,0,59184.0,,,0.0,Consumer credit,-1287,0.0
427550,5992937,Closed,currency 1,-479,0,891.0,-122.0,,0,756000.0,0.0,0.0,0.0,Consumer credit,-116,
203263,5688659,Closed,currency 1,-768,0,-36.0,-190.0,,0,84748.5,0.0,,0.0,Consumer credit,-146,
338392,5627080,Active,currency 1,-245,0,1581.0,,,0,162000.0,150943.5,0.0,0.0,Consumer credit,-32,9729.0
372131,5570388,Closed,currency 1,-1095,0,9863.0,-637.0,0.0,0,0.0,,,0.0,Credit card,-637,
294697,5199077,Closed,currency 1,-801,0,-617.0,-676.0,,0,53010.0,0.0,0.0,0.0,Consumer credit,-674,
129743,6508438,Active,currency 1,-337,0,1371.0,,,0,0.0,0.0,0.0,0.0,Credit card,-60,0.0
343140,5576994,Closed,currency 1,-2613,0,-2430.0,-2430.0,,0,90000.0,0.0,0.0,0.0,Consumer credit,-2430,
163382,5055187,Active,currency 1,-142,0,223.0,,0.0,0,71055.0,54864.0,0.0,0.0,Consumer credit,-46,
188076,5053233,Active,currency 1,-70,0,325.0,,,0,121500.0,113721.075,,0.0,Consumer credit,-21,
233412,5329289,Closed,currency 1,-2287,0,-1891.0,-1920.0,2700.0,0,25128.18,0.0,0.0,0.0,Consumer credit,-1920,
353370,5081771,Active,currency 1,-531,0,812.0,,,0,157500.0,150556.5,0.0,0.0,Credit card,-10,
278237,5556485,Closed,currency 1,-1889,0,-1159.0,-1731.0,3712.5,0,157500.0,0.0,0.0,0.0,Consumer credit,-836,
174967,5262475,Active,currency 1,-1845,0,348.0,,,0,135000.0,137065.5,0.0,0.0,Credit card,-11,
326175,5284682,Active,currency 1,-419,0,677.0,,,0,1769850.0,1190524.5,0.0,0.0,Car loan,-19,
103437,5039301,Active,currency 1,-404,0,1422.0,,,0,294300.0,229369.5,0.0,0.0,Consumer credit,-23,
442428,6605241,Closed,currency 1,-200,0,-139.0,-139.0,,0,290146.5,0.0,,0.0,Consumer credit,-139,0.0
102887,6219165,Active,currency 1,-60,0,62.0,,,0,57461.76,39635.64,,0.0,Consumer credit,-22,
373929,5762338,Active,currency 1,-2691,0,-1583.0,,3600.0,0,45000.0,-865.485,5365.485,0.0,Credit card,-682,
156260,6336725,Active,currency 1,-444,0,1382.0,,,0,1483650.0,1285605.0,0.0,0.0,Consumer credit,-38,
382064,5858720,Closed,currency 1,-1919,0,-1553.0,-1553.0,9877.5,0,103410.0,0.0,0.0,0.0,Consumer credit,-1549,
244211,6496226,Closed,currency 1,-840,0,-658.0,-634.0,,0,67734.0,,,0.0,Consumer credit,-631,
187638,6830162,Closed,currency 1,-2003,0,-1789.0,-1819.0,,0,29679.93,0.0,,0.0,Consumer credit,-766,0.0
149123,5560081,Closed,currency 1,-602,0,-237.0,-237.0,0.0,0,259650.0,0.0,0.0,0.0,Consumer credit,-232,
126702,5324904,Closed,currency 1,-1361,0,-601.0,-1118.0,0.0,0,207511.92,0.0,0.0,0.0,Consumer credit,-1115,
213135,5919886,Closed,currency 1,-1399,0,-1095.0,-1095.0,,0,292072.5,0.0,,0.0,Consumer credit,-824,
114998,6143155,Closed,currency 1,-202,0,-174.0,-195.0,0.0,0,45000.0,0.0,0.0,0.0,Consumer credit,-190,
250034,6439946,Active,currency 1,-253,0,292.0,,,0,487800.0,,,0.0,Consumer credit,-8,
117316,5516863,Active,currency 1,-691,0,1135.0,,11259.09,0,1125000.0,880809.435,0.0,0.0,Consumer credit,-22,
183222,6416737,Active,currency 1,-180,0,1646.0,,,0,459000.0,396612.0,0.0,0.0,Consumer credit,-27,
186026,6637263,Closed,currency 1,-2413,0,-2048.0,-2261.0,0.0,0,112500.0,,,0.0,Consumer credit,-2261,0.0
334549,5131902,Closed,currency 1,-2501,0,-674.0,-1257.0,0.0,0,450000.0,,,0.0,Consumer credit,-1240,
386135,5469152,Closed,currency 1,-2332,0,-2026.0,-2019.0,,0,136935.0,0.0,0.0,0.0,Consumer credit,-1018,0.0
387345,6544735,Closed,currency 1,-1898,0,-1594.0,-1594.0,,0,234342.0,0.0,,0.0,Consumer credit,-1592,35331.39
318886,5172678,Closed,currency 1,-772,0,-641.0,-641.0,0.0,0,39070.08,0.0,0.0,0.0,Consumer credit,-641,
326701,6643185,Closed,currency 1,-644,0,-340.0,-396.0,,0,157950.0,0.0,0.0,0.0,Consumer credit,-395,0.0
147743,6382308,Closed,currency 1,-636,0,-454.0,-454.0,0.0,0,37891.845,0.0,0.0,0.0,Consumer credit,-448,
222891,5198988,Closed,currency 1,-497,0,-194.0,-168.0,,0,104895.0,,,0.0,Consumer credit,-161,
222836,6562125,Active,currency 1,-310,0,10648.0,,9837.0,0,198000.0,,,0.0,Credit card,-59,
273623,5817405,Active,currency 1,-85,0,465.0,,,0,176310.0,160137.495,,0.0,Consumer credit,-7,
182396,6266117,Closed,currency 1,-638,0,-273.0,-457.0,,0,231750.0,0.0,,0.0,Consumer credit,-450,
200883,6216203,Closed,currency 1,-1150,0,-389.0,-418.0,,0,193275.0,0.0,,0.0,Consumer credit,-411,
445767,6267682,Closed,currency 2,-2829,0,-2098.0,-2495.0,0.0,0,2580750.0,,,0.0,Car loan,-2495,
212395,6589286,Active,currency 1,-810,0,2834.0,,,0,5355000.0,4211145.0,0.0,0.0,Mortgage,-5,
282675,6059975,Closed,currency 1,-1481,0,-1177.0,-1033.0,,0,113161.5,,,0.0,Consumer credit,-1030,0.0
204891,5663933,Active,currency 1,-324,0,1502.0,,0.0,0,540000.0,508945.5,,0.0,Consumer credit,-19,
182212,6496610,Closed,currency 1,-2180,0,8949.0,-1136.0,103.5,1,22275.0,,,0.0,Credit card,-1136,
449168,6565066,Closed,currency 1,-2733,0,-2550.0,-2548.0,0.0,0,31594.5,,,0.0,Consumer credit,-2548,
310613,5652695,Closed,currency 1,-1791,0,34.0,-1052.0,,0,118692.0,0.0,0.0,0.0,Consumer credit,-245,
168771,5626992,Closed,currency 1,-2911,0,-2547.0,-2822.0,,0,225000.0,0.0,0.0,0.0,Credit card,-2815,0.0
192803,5293496,Closed,currency 1,-900,0,-350.0,-350.0,0.0,0,89955.0,0.0,0.0,0.0,Consumer credit,-349,
324218,5205205,Active,currency 1,-666,0,439.0,,,0,432000.0,130113.0,0.0,0.0,Credit card,-65,59107.5
336470,5249773,Closed,currency 1,-603,0,-238.0,-294.0,,0,99000.0,0.0,0.0,0.0,Consumer credit,-195,
420856,6634667,Closed,currency 1,-1069,0,-750.0,-750.0,,0,52105.5,0.0,,0.0,Consumer credit,-742,0.0
286598,5940334,Closed,currency 1,-964,0,-629.0,-719.0,,0,28309.5,0.0,,0.0,Consumer credit,-716,
133401,6650594,Closed,currency 1,-1710,0,-1527.0,-1647.0,,0,89325.0,0.0,0.0,0.0,Consumer credit,-1469,
351438,5995459,Closed,currency 1,-2725,0,-2402.0,-2402.0,,0,30739.5,0.0,0.0,0.0,Consumer credit,-2387,14697.0
288047,6223321,Closed,currency 1,-440,0,-289.0,-289.0,,0,106069.5,0.0,0.0,0.0,Consumer credit,-265,0.0
235179,6166689,Closed,currency 1,-1122,0,-1030.0,-1030.0,,0,838440.0,0.0,0.0,0.0,Consumer credit,-1025,
422266,5558770,Closed,currency 1,-360,0,-314.0,-314.0,0.0,0,225000.0,0.0,0.0,0.0,Consumer credit,-314,
417487,5059444,Closed,currency 1,-1041,0,-858.0,-858.0,,0,15925.5,0.0,0.0,0.0,Consumer credit,-66,
251951,5648629,Closed,currency 1,-2464,0,-2210.0,-2210.0,,0,202500.0,,,0.0,Credit card,-2210,
149668,6470624,Closed,currency 1,-582,0,-33.0,-519.0,,0,51003.45,0.0,,0.0,Consumer credit,-517,
283950,6031947,Active,currency 1,-375,0,355.0,,,0,341280.0,193347.0,0.0,0.0,Consumer credit,-7,5004.0
297983,5150472,Closed,currency 1,-2506,0,-679.0,-2270.0,,0,405000.0,0.0,0.0,0.0,Consumer credit,-669,67500.0
313077,6397667,Closed,currency 1,-1198,0,-102.0,-101.0,,0,476730.0,0.0,0.0,0.0,Consumer credit,-67,0.0
258641,6648146,Closed,currency 1,-1763,0,-667.0,-1244.0,,0,450000.0,0.0,0.0,0.0,Consumer credit,-623,
304168,5295540,Active,currency 1,-363,0,,,5886.0,0,135000.0,40855.5,94144.5,0.0,Credit card,-31,0.0
215194,6437793,Closed,currency 1,-301,0,,-274.0,,0,13500.0,0.0,,0.0,Microloan,-274,0.0
348013,5371284,Active,currency 1,-462,0,31132.0,,,0,112500.0,47196.0,,0.0,Credit card,-14,
260643,5928700,Closed,currency 1,-1408,0,-1286.0,-1286.0,,0,50580.0,0.0,0.0,0.0,Consumer credit,-1286,0.0
371145,6637054,Active,currency 1,-442,0,288.0,,,0,618682.5,300807.0,0.0,0.0,Consumer credit,-9,0.0
232673,5907130,Closed,currency 1,-1060,0,-602.0,-1029.0,0.0,0,219937.5,0.0,0.0,0.0,Consumer credit,-1029,
192459,6605264,Closed,currency 1,-383,0,,-204.0,,0,112050.0,,,0.0,Consumer credit,-175,5400.0
448076,5159531,Active,currency 1,-107,0,1172.0,,,0,287010.0,276772.5,0.0,0.0,Consumer credit,-38,
183859,5707287,Closed,currency 1,-1453,0,-995.0,-995.0,,0,246870.0,0.0,,0.0,Consumer credit,-989,0.0
420143,5766168,Closed,currency 1,-2786,0,-1687.0,-1687.0,,0,1350000.0,0.0,,0.0,Consumer credit,-1687,
339995,6677731,Closed,currency 1,-189,0,-137.0,-137.0,0.0,0,481500.0,0.0,0.0,0.0,Consumer credit,-136,
133355,6371570,Closed,currency 1,-1058,0,-875.0,-995.0,0.0,0,56245.5,,,0.0,Consumer credit,-995,
422436,5173782,Active,currency 1,-1290,0,536.0,,,0,692370.0,186430.5,0.0,0.0,Consumer credit,-9,
339241,5589907,Active,currency 1,-320,0,1022.0,,,0,112500.0,104620.5,0.0,0.0,Credit card,-51,
454204,5768373,Closed,currency 1,-1297,0,-201.0,-474.0,,0,990859.5,0.0,0.0,0.0,Consumer credit,-463,
310759,5479928,Closed,currency 1,-315,0,50.0,-195.0,0.0,0,33660.0,0.0,0.0,0.0,Consumer credit,-194,
273902,5067087,Active,currency 1,-818,0,30949.0,,,0,450000.0,290637.0,,0.0,Credit card,-12,45000.0
454694,5295970,Closed,currency 1,-894,0,-710.0,-861.0,0.0,0,28309.5,0.0,0.0,0.0,Consumer credit,-861,4037.895
110751,5849964,Active,currency 1,-1454,0,372.0,,,0,477000.0,95400.0,0.0,0.0,Consumer credit,-14,
312302,5953946,Closed,currency 1,-1589,0,-1498.0,-1472.0,,0,47412.0,0.0,0.0,0.0,Consumer credit,-979,0.0
290929,5485787,Closed,currency 1,-2518,0,-2062.0,-2062.0,,0,96273.0,0.0,,0.0,Consumer credit,-831,
358179,5688474,Active,currency 1,-24,0,280.0,,0.0,0,74047.5,74047.5,0.0,0.0,Consumer credit,-22,
328542,6559092,Closed,currency 1,-363,0,,-355.0,,0,4500.0,0.0,,0.0,Microloan,-355,0.0
444192,6633929,Active,currency 1,-1116,0,709.0,,,0,2420550.0,1187194.5,0.0,0.0,Car loan,-21,
297591,6051931,Active,currency 1,-1248,0,-144.0,,,0,90000.0,0.0,0.0,0.0,Credit card,-105,
104247,6270941,Closed,currency 1,-2451,0,,-850.0,8019.0,0,0.0,0.0,0.0,0.0,Credit card,-774,
250509,5517323,Closed,currency 1,-749,0,-414.0,-443.0,5625.0,0,55201.5,0.0,0.0,0.0,Consumer credit,-442,
383307,5505547,Closed,currency 1,-917,0,-824.0,-800.0,,0,20695.5,0.0,0.0,0.0,Consumer credit,-763,
282400,5741982,Active,currency 1,-226,0,16.0,,0.0,0,41715.0,5751.0,0.0,0.0,Consumer credit,-14,
118007,6464820,Closed,currency 1,-2352,0,-2140.0,-2168.0,,0,13815.9,0.0,,0.0,Consumer credit,-840,
305594,5408803,Active,currency 1,-80,0,285.0,,,0,193747.5,164047.5,0.0,0.0,Consumer credit,-17,0.0
261228,5461138,Active,currency 1,-1270,0,557.0,,,0,810000.0,351049.5,0.0,0.0,Consumer credit,-35,
258044,5282156,Closed,currency 1,-2215,0,-2003.0,-2060.0,7560.0,0,42404.04,0.0,0.0,0.0,Consumer credit,-2060,
216175,5589752,Closed,currency 1,-479,0,-176.0,-148.0,,0,235111.5,,,0.0,Consumer credit,-142,
331547,6642254,Closed,currency 1,-1350,0,-1138.0,-1228.0,0.0,0,29707.92,0.0,0.0,0.0,Consumer credit,-1228,
275066,5956795,Active,currency 1,-234,0,1592.0,,,0,409500.0,383679.0,0.0,0.0,Consumer credit,-17,
411545,5206552,Closed,currency 1,-1673,0,-1076.0,-1076.0,,0,675000.0,,,0.0,Consumer credit,-1076,
109997,5131727,Closed,currency 1,-400,0,-35.0,-214.0,,0,76990.5,0.0,0.0,0.0,Consumer credit,-210,
231939,5498921,Closed,currency 1,-461,0,-337.0,-336.0,,0,20205.0,0.0,,0.0,Consumer credit,-336,
158659,5652770,Closed,currency 1,-2393,0,-2029.0,-2028.0,261.0,0,315630.0,,,0.0,Consumer credit,-2028,
400622,5050437,Active,currency 1,-130,0,54.0,,0.0,0,27726.615,15367.5,0.0,0.0,Consumer credit,-21,
313477,6038838,Closed,currency 1,-654,0,-470.0,-469.0,,0,22455.0,0.0,0.0,0.0,Consumer credit,-468,
317374,5311604,Active,currency 1,-1406,0,-331.0,,,0,180000.0,153418.5,0.0,0.0,Credit card,-10,
174942,6637063,Active,currency 1,-1059,0,767.0,,,0,1606500.0,863235.0,0.0,0.0,Consumer credit,-21,8604.0
186951,6586425,Closed,currency 1,-2378,0,-2068.0,-2068.0,,0,204930.0,0.0,0.0,0.0,Consumer credit,-1545,
267378,5868133,Closed,currency 1,-2143,0,-1626.0,-1626.0,,0,100048.5,,,0.0,Consumer credit,-1626,
140186,5372510,Closed,currency 1,-419,0,-114.0,-238.0,0.0,0,151875.0,0.0,0.0,0.0,Consumer credit,-238,
321834,6358286,Closed,currency 1,-1297,0,-566.0,-593.0,,0,152599.5,0.0,0.0,0.0,Consumer credit,-593,0.0
417346,5565431,Closed,currency 1,-2566,0,-2200.0,-1927.0,,0,234000.0,0.0,,0.0,Consumer credit,-1927,0.0
381278,5724990,Active,currency 1,-159,0,391.0,,0.0,0,270000.0,226165.5,0.0,0.0,Consumer credit,-36,
120020,5963276,Active,currency 1,-115,0,1690.0,,,0,247500.0,142281.0,0.0,0.0,Credit card,-11,20673.0
362663,5375634,Closed,currency 1,-2368,0,-2031.0,-2121.0,0.0,0,70389.0,0.0,0.0,0.0,Consumer credit,-2121,
258779,5345279,Closed,currency 1,-579,0,-396.0,-396.0,0.0,0,66510.0,0.0,0.0,0.0,Consumer credit,-394,0.0
246914,6486660,Active,currency 1,-1575,0,619.0,,,0,630000.0,178335.0,0.0,0.0,Credit card,-7,
105155,6348115,Closed,currency 1,-386,0,-22.0,-266.0,,0,75672.0,0.0,0.0,0.0,Consumer credit,-265,
435714,6019297,Active,currency 1,-166,0,3487.0,,,0,2925000.0,2859997.5,0.0,0.0,Mortgage,-14,42390.0
164970,5582866,Closed,currency 1,-2460,0,-633.0,-1123.0,,0,450000.0,0.0,0.0,0.0,Consumer credit,-31,
105317,5905207,Active,currency 1,-232,0,30785.0,,,0,22500.0,,,0.0,Credit card,0,
155689,6487583,Active,currency 1,-31,0,,,0.0,0,118757.25,118757.25,0.0,0.0,Credit card,-30,
442285,6280833,Active,currency 1,-341,0,31107.0,,,0,481500.0,0.0,,0.0,Credit card,-7,
378304,6065948,Active,currency 1,-40,0,,,,0,13500.0,0.0,,0.0,Microloan,-26,0.0
389920,5871460,Closed,currency 1,-209,0,-88.0,-88.0,3916.44,0,94849.155,0.0,0.0,0.0,Consumer credit,-88,
444231,5003863,Closed,currency 1,-1087,0,-728.0,-910.0,,0,170964.0,0.0,,0.0,Consumer credit,-14,
302966,5500891,Closed,currency 1,-696,0,-515.0,-515.0,0.0,0,76909.5,0.0,0.0,0.0,Consumer credit,-515,
241482,6269671,Closed,currency 1,-430,0,1410.0,-277.0,,0,1656000.0,0.0,,0.0,Credit card,-9,
295842,6040491,Active,currency 1,-320,0,1872.0,,,0,450000.0,457713.0,,0.0,Credit card,-10,51777.0
434027,5562628,Active,currency 1,-184,0,1277.0,,,0,128700.0,119011.5,0.0,0.0,Consumer credit,-30,3748.5
325413,6103982,Closed,currency 1,-1240,0,-509.0,-509.0,8786.52,0,270000.0,0.0,0.0,0.0,Consumer credit,-509,
101548,5645621,Active,currency 1,-225,0,1590.0,,0.0,0,229500.0,203422.14,26077.86,0.0,Credit card,-5,13050.0
334006,6275258,Closed,currency 1,-2208,0,-2017.0,-2017.0,,0,29385.0,0.0,0.0,0.0,Consumer credit,-1373,
441809,6029319,Active,currency 1,-2844,60,-2220.0,,,0,29488.5,15255.0,,409.5,Consumer credit,-641,
375651,5094707,Closed,currency 1,-2798,0,-2603.0,-342.0,,0,135000.0,0.0,0.0,0.0,Consumer credit,-287,
164689,6224498,Closed,currency 1,-1605,0,-1427.0,-1137.0,,0,120942.0,,,0.0,Consumer credit,-1134,0.0
375301,5081239,Active,currency 1,-341,0,1485.0,,,0,1066500.0,969093.0,0.0,0.0,Consumer credit,-49,
307081,5257656,Closed,currency 1,-1288,0,-382.0,-382.0,,0,1800000.0,0.0,,0.0,Car loan,-379,
267427,5473572,Closed,currency 1,-2855,0,-1758.0,-1522.0,0.0,0,225000.0,0.0,0.0,0.0,Credit card,-1522,
128729,5279759,Closed,currency 1,-2030,0,-209.0,-826.0,37219.5,0,1575000.0,,,0.0,Car loan,-826,60911.01
332554,6357780,Closed,currency 1,-635,0,-388.0,-388.0,0.0,0,67048.56,0.0,0.0,0.0,Consumer credit,-387,
182482,5804824,Closed,currency 1,-816,0,-86.0,-56.0,,0,2483905.5,209461.5,,0.0,Car loan,-45,15970.5
143057,5310485,Closed,currency 1,-2291,0,-1931.0,-1931.0,,0,80370.0,0.0,0.0,0.0,Consumer credit,-1929,
201359,6626807,Closed,currency 1,-2111,0,-1929.0,-1097.0,,0,20520.0,,,0.0,Consumer credit,-1094,
116380,6161102,Closed,currency 1,-977,0,118.0,-837.0,,0,270000.0,,,0.0,Consumer credit,-837,0.0
440238,6057282,Closed,currency 1,-2881,0,-2666.0,-2694.0,,0,54585.0,0.0,,0.0,Consumer credit,-916,
148654,6210102,Closed,currency 1,-2054,0,-227.0,-748.0,19300.5,0,630000.0,,,0.0,Consumer credit,-748,
121697,6725345,Closed,currency 1,-971,0,-789.0,-789.0,,0,26955.0,0.0,,0.0,Consumer credit,-786,
220799,5880867,Closed,currency 1,-2376,0,-2162.0,-2162.0,3501.0,0,20335.14,0.0,0.0,0.0,Consumer credit,-2161,
157233,6380521,Closed,currency 1,-2008,0,-915.0,-863.0,,0,360000.0,,,0.0,Consumer credit,-860,
263252,5574941,Closed,currency 1,-2268,0,-1163.0,-1681.0,0.0,0,180000.0,0.0,0.0,0.0,Credit card,-882,
121543,5370908,Active,currency 1,-572,0,1272.0,,0.0,0,225000.0,0.0,0.0,0.0,Credit card,-571,
125861,5251588,Active,currency 1,-245,0,394.0,,0.0,0,225000.0,154890.9,0.0,0.0,Consumer credit,-21,
265386,5469471,Closed,currency 1,-1868,0,-1568.0,-1568.0,,0,49995.0,0.0,0.0,0.0,Consumer credit,-1542,6727.5
441227,5353992,Closed,currency 1,-964,0,30955.0,-442.0,,0,0.0,0.0,,0.0,Credit card,-177,0.0
217646,5633444,Active,currency 1,-952,0,143.0,,22683.645,0,675000.0,180819.0,0.0,0.0,Consumer credit,-36,
176457,6474258,Closed,currency 1,-630,0,-265.0,-265.0,6667.965,0,80476.515,0.0,0.0,0.0,Consumer credit,-263,
202902,6565409,Active,currency 1,-371,0,1455.0,,,0,981000.0,855864.0,0.0,0.0,Consumer credit,-8,
256852,5613453,Active,currency 1,-232,0,1410.0,,,0,738000.0,698107.5,0.0,0.0,Consumer credit,-57,
356584,5646297,Active,currency 1,-499,0,597.0,,,0,136485.0,85554.0,,0.0,Consumer credit,-8,4995.0
340091,6302636,Closed,currency 1,-391,0,-26.0,-147.0,0.0,0,81000.0,0.0,0.0,0.0,Consumer credit,-146,
229681,6724670,Closed,currency 1,-1447,0,-1144.0,-1144.0,0.0,0,32624.1,0.0,0.0,0.0,Consumer credit,-1144,
453020,5057854,Closed,currency 1,-1058,0,-935.0,-934.0,,0,36085.5,0.0,0.0,0.0,Consumer credit,-934,
392999,6610038,Active,currency 1,-283,0,-253.0,,,0,675000.0,645210.0,0.0,0.0,Credit card,-133,
203895,6759187,Closed,currency 1,-2263,0,-2080.0,-2093.0,,0,62608.5,0.0,,0.0,Consumer credit,-2025,
269330,5752914,Active,currency 1,-63,0,1025.0,,,0,765000.0,729495.0,,0.0,Consumer credit,-4,1836.0
244642,5136203,Active,currency 1,-90,0,1340.0,,,0,1125000.0,1156734.0,,0.0,Consumer credit,-20,
334800,6425680,Active,currency 1,-101,0,936.0,,,0,67500.0,8824.5,0.0,0.0,Credit card,-21,
247473,5849909,Active,currency 1,-281,0,84.0,,0.0,0,72376.515,34425.0,0.0,0.0,Consumer credit,-58,
290430,5432056,Closed,currency 1,-2278,0,31121.0,-964.0,,0,0.0,0.0,,0.0,Credit card,-964,
219999,5902676,Active,currency 1,-28,0,0.0,,0.0,0,32107.5,32107.5,0.0,0.0,Microloan,-8,50089.5
421704,6483896,Closed,currency 1,-931,0,,-238.0,0.0,0,96750.0,0.0,0.0,0.0,Credit card,-234,
165895,6498019,Active,currency 1,-143,0,31094.0,,,0,45000.0,37062.765,7937.235,0.0,Credit card,-3,0.0
330561,5625609,Closed,currency 1,-741,0,-191.0,-497.0,0.0,0,127093.5,0.0,0.0,0.0,Consumer credit,-492,
112317,5202326,Active,currency 1,-141,0,1685.0,,,0,1962000.0,1906798.5,0.0,0.0,Consumer credit,-41,
373566,5534192,Closed,currency 1,-728,0,-59.0,-88.0,3753.0,0,285714.0,,,0.0,Consumer credit,-88,
240762,6626466,Closed,currency 1,-1298,0,-217.0,-477.0,,0,225000.0,0.0,0.0,0.0,Consumer credit,-470,
370881,6546741,Active,currency 1,-402,0,1439.0,,,0,0.0,12487.77,,0.0,Credit card,-66,
178390,6540559,Closed,currency 1,-1620,0,-1254.0,-1254.0,,0,111100.5,0.0,0.0,0.0,Consumer credit,-1254,16942.5
450073,5779331,Closed,currency 1,-2774,0,-1671.0,-1825.0,0.0,0,180000.0,0.0,0.0,0.0,Credit card,-1825,
272606,5867262,Closed,currency 1,-2116,0,-1811.0,-1811.0,,0,45301.5,0.0,,0.0,Consumer credit,-1750,0.0
272834,5422746,Active,currency 1,-1631,0,,,0.0,0,101700.0,0.0,101700.0,0.0,Credit card,-778,
409966,6505001,Closed,currency 1,-1081,0,-896.0,-896.0,,0,142704.0,23737.5,,0.0,Consumer credit,-896,
115666,5622982,Active,currency 1,-542,0,-266.0,,0.0,0,133339.5,0.0,0.0,0.0,Consumer credit,-524,
256090,6038413,Closed,currency 1,-903,0,-663.0,-637.0,,0,450000.0,,,0.0,Consumer credit,-631,0.0
395973,5732585,Closed,currency 1,-1635,0,-597.0,-1030.0,,0,0.0,0.0,0.0,0.0,Credit card,-195,
279690,5843350,Closed,currency 1,-1960,0,-1352.0,-1352.0,0.0,0,107955.0,0.0,0.0,0.0,Consumer credit,-1346,
157318,6840486,Closed,currency 1,-1413,0,-1232.0,-1261.0,,0,55800.0,0.0,0.0,0.0,Consumer credit,-1253,
411514,6127025,Closed,currency 1,-1028,0,746.0,-146.0,,0,0.0,0.0,,0.0,Credit card,-141,
333703,6520355,Closed,currency 1,-1788,0,-1422.0,-1422.0,8609.31,0,101700.0,0.0,0.0,0.0,Consumer credit,-1422,0.0
354060,5910103,Closed,currency 1,-1166,0,-435.0,-396.0,,0,116955.0,0.0,0.0,0.0,Consumer credit,-142,
406357,5406695,Closed,currency 1,-868,0,-228.0,-228.0,,0,696262.5,0.0,0.0,0.0,Consumer credit,-197,
102370,6731037,Closed,currency 1,-273,0,-78.0,-75.0,,0,117000.0,0.0,0.0,0.0,Consumer credit,-69,
393967,5197018,Closed,currency 1,-982,0,-739.0,-739.0,,0,86539.5,0.0,,0.0,Consumer credit,-729,13504.5
364235,5804178,Active,currency 1,-301,0,1525.0,,,0,1962000.0,1807578.0,0.0,0.0,Consumer credit,-50,
416476,5436261,Active,currency 1,-387,0,1005.0,,,0,540000.0,505885.5,0.0,0.0,Credit card,-32,
320592,6510981,Closed,currency 1,-1467,0,-1285.0,-1211.0,,0,26955.0,0.0,0.0,0.0,Consumer credit,-1211,
364041,5732108,Closed,currency 1,-2008,0,-1704.0,-1713.0,,0,24075.0,0.0,,0.0,Consumer credit,-1695,0.0
232967,6335579,Active,currency 1,-908,0,-372.0,,0.0,0,0.0,-54.9,54.9,0.0,Credit card,-605,
407340,6817622,Closed,currency 1,-1157,0,-62.0,-387.0,0.0,0,540000.0,,,0.0,Consumer credit,-387,
316454,6743444,Active,currency 1,-672,0,427.0,,,0,188460.0,92425.5,0.0,0.0,Consumer credit,-26,5093.505
210589,5671476,Active,currency 1,-187,0,,,0.0,0,13500.0,0.0,13500.0,0.0,Credit card,-24,
130814,5298001,Active,currency 1,-18,0,940.0,,,0,67500.0,66429.0,0.0,0.0,Credit card,-11,
425508,6138146,Closed,currency 1,-2651,0,-2290.0,-2290.0,,0,54000.0,0.0,,0.0,Credit card,-807,
242231,6015707,Active,currency 1,-658,0,440.0,,,0,90000.0,92061.0,,0.0,Credit card,-7,9360.0
118653,5556272,Closed,currency 1,-466,0,-284.0,-254.0,,0,23409.0,,,0.0,Consumer credit,-248,
408189,5237798,Active,currency 1,-438,0,5102.0,,0.0,0,9000000.0,,,0.0,Mortgage,-23,
247610,5957621,Closed,currency 1,-1027,0,-780.0,-780.0,,0,117018.0,0.0,0.0,0.0,Consumer credit,-777,9918.765
133830,5938867,Active,currency 1,-882,0,4637.0,,0.0,0,9900000.0,6994220.22,0.0,0.0,Mortgage,-10,95188.05
247748,6411461,Active,currency 1,-1212,0,-108.0,,,0,180000.0,170779.5,0.0,0.0,Credit card,-16,
327569,5322984,Closed,currency 1,-179,0,-26.0,-26.0,,0,22455.0,0.0,,0.0,Consumer credit,-22,
452653,6390278,Closed,currency 1,-907,0,-573.0,-601.0,,0,106871.4,0.0,,0.0,Consumer credit,-372,
424949,6088833,Closed,currency 1,-1218,0,609.0,-139.0,,0,900004.5,900004.5,,0.0,Consumer credit,-139,0.0
263066,5067483,Closed,currency 1,-2738,0,-1177.0,-1177.0,0.0,0,0.0,0.0,0.0,0.0,Credit card,-1177,19530.0
304315,6560769,Active,currency 1,-1127,0,711.0,,,0,337500.0,348060.285,,0.0,Credit card,-28,
255017,5902461,Active,currency 1,-188,0,543.0,,,0,916920.0,161401.95,,0.0,Consumer credit,-13,
127537,6777799,Closed,currency 1,-461,0,-157.0,-157.0,,0,419499.0,0.0,,0.0,Consumer credit,-148,
147850,5613420,Closed,currency 1,-723,0,7.0,-387.0,,0,1423980.0,0.0,,0.0,Car loan,-387,
309779,5755729,Closed,currency 1,-2898,0,-2563.0,-2582.0,11295.0,0,97712.1,0.0,0.0,0.0,Consumer credit,-2562,
452179,5725057,Closed,currency 1,-589,0,-224.0,-405.0,0.0,0,187902.0,0.0,0.0,0.0,Consumer credit,-400,
416582,6216213,Closed,currency 1,-215,0,-203.0,-203.0,0.0,0,288000.0,0.0,0.0,0.0,Consumer credit,-197,
431319,5400811,Active,currency 1,-1590,0,603.0,,,0,297000.0,239899.5,0.0,0.0,Credit card,-13,0.0
407071,5071073,Closed,currency 1,-535,0,-170.0,-293.0,0.0,0,70110.0,0.0,0.0,0.0,Consumer credit,-293,
412558,6020234,Closed,currency 1,-803,0,-437.0,-702.0,0.0,0,337500.0,,,0.0,Consumer credit,-702,
231918,6618756,Closed,currency 1,-966,0,-420.0,-571.0,,0,225000.0,0.0,0.0,0.0,Consumer credit,-133,0.0
437763,5566693,Closed,currency 1,-753,0,-601.0,-574.0,,0,114192.0,,,0.0,Consumer credit,-567,0.0
418158,5112306,Active,currency 1,-577,0,517.0,,0.0,0,315000.0,152550.0,0.0,0.0,Consumer credit,-20,
389212,5752978,Closed,currency 1,-1499,0,-1317.0,-1316.0,,0,67050.0,0.0,0.0,0.0,Consumer credit,-1316,
316617,5158300,Closed,currency 1,-785,0,-238.0,-238.0,,0,225000.0,0.0,0.0,0.0,Consumer credit,-234,
204133,5544546,Active,currency 1,-304,0,61.0,,,0,607500.0,161266.5,0.0,0.0,Consumer credit,-23,
409060,5022702,Closed,currency 1,-1373,0,-1065.0,-1165.0,,0,83038.5,0.0,0.0,0.0,Consumer credit,-1160,
426015,5032754,Active,currency 1,-196,0,1630.0,,,0,1228500.0,1150924.5,0.0,0.0,Consumer credit,-8,
272737,6214922,Active,currency 1,-941,0,2353.0,,,0,4725000.0,3969945.0,0.0,0.0,Mortgage,-203,79996.5
125759,6736811,Closed,currency 1,-1779,0,-1465.0,-1465.0,,0,54310.5,0.0,0.0,0.0,Consumer credit,-1429,39982.5
353254,6023945,Active,currency 1,-457,0,10490.0,,0.0,0,360000.0,,,0.0,Credit card,-34,
376876,5155897,Closed,currency 1,-1767,0,12696.0,-1036.0,,0,315000.0,0.0,,0.0,Credit card,-1036,0.0
239275,6711130,Closed,currency 1,-1294,0,-265.0,-233.0,,0,450000.0,0.0,0.0,0.0,Credit card,-229,
429399,5429018,Active,currency 1,-1805,0,-1618.0,,,0,45000.0,,,0.0,Consumer credit,-1624,
402153,6012168,Closed,currency 1,-727,0,3.0,-352.0,15358.5,0,510750.0,0.0,0.0,0.0,Consumer credit,-352,
411975,6359830,Closed,currency 1,-1847,0,-1170.0,-1170.0,,0,67500.0,0.0,,0.0,Credit card,-1011,0.0
392537,5222827,Closed,currency 1,-646,0,389.0,-40.0,0.0,0,1169939.7,0.0,0.0,0.0,Car loan,-40,
319861,5338895,Closed,currency 1,-2751,0,-2385.0,-2385.0,0.0,0,58725.0,0.0,0.0,0.0,Consumer credit,-2382,
372873,5254864,Closed,currency 1,-1413,0,-1232.0,-1218.0,,0,25425.0,0.0,0.0,0.0,Consumer credit,-1218,
186862,6758130,Closed,currency 1,-651,0,-468.0,-468.0,0.0,0,60300.0,0.0,0.0,0.0,Consumer credit,-463,0.0
177192,5121377,Closed,currency 1,-439,0,-414.0,-388.0,,0,82201.5,,,0.0,Consumer credit,-382,0.0
323399,5535101,Active,currency 1,-156,0,,,0.0,0,229500.0,158391.0,71105.895,0.0,Credit card,-22,
173245,5298236,Active,currency 1,-76,0,27437.0,,,0,112500.0,57708.0,0.0,0.0,Credit card,-5,0.0
329433,6025617,Closed,currency 1,-2696,0,-1965.0,-1961.0,,0,94324.5,0.0,,0.0,Consumer credit,-592,
248697,6622947,Active,currency 1,-953,0,873.0,,,0,85500.0,51880.5,0.0,0.0,Consumer credit,-30,
299024,6187291,Closed,currency 1,-1999,0,-1665.0,-1785.0,,0,68040.0,0.0,,0.0,Consumer credit,-874,
347515,6243782,Active,currency 1,-366,0,889.0,,,0,67500.0,57663.0,0.0,0.0,Credit card,-101,
328960,6586434,Active,currency 1,-1236,0,962.0,,,0,324000.0,300199.5,0.0,0.0,Credit card,-14,0.0
386179,5791477,Closed,currency 1,-2708,0,-1721.0,-2149.0,0.0,1,0.0,0.0,0.0,0.0,Credit card,-1716,
182475,5318739,Closed,currency 1,-2170,0,8787.0,-510.0,,0,2256480.0,0.0,0.0,0.0,Mortgage,-142,
447404,5441495,Closed,currency 1,-2359,0,-2052.0,-2176.0,0.0,0,89099.91,0.0,0.0,0.0,Consumer credit,-2176,
416460,5204770,Closed,currency 1,-596,0,,-54.0,0.0,0,121500.0,0.0,0.0,0.0,Credit card,-53,
173605,5057902,Closed,currency 1,-2892,0,-2680.0,-2709.0,3178.26,0,17460.0,0.0,0.0,0.0,Consumer credit,-2343,
119322,5319591,Closed,currency 1,-2669,0,-1815.0,-1815.0,,0,315000.0,0.0,,0.0,Consumer credit,-1815,
238143,6100406,Closed,currency 1,-988,0,838.0,-908.0,0.0,0,1800000.0,,,0.0,Consumer credit,-908,77125.5
450585,6645222,Active,currency 1,-507,0,729.0,,,0,225000.0,28273.5,0.0,0.0,Credit card,-44,
244274,5114318,Closed,currency 1,-159,0,10801.0,-153.0,0.0,0,45000.0,,,0.0,Credit card,-153,28597.5
284656,5069775,Active,currency 1,-2767,0,-1645.0,,0.0,0,180000.0,0.0,0.0,0.0,Credit card,-637,
173124,6289712,Active,currency 1,-123,0,,,0.0,0,27000.0,27000.0,0.0,0.0,Credit card,-8,6119.865
444218,6363220,Closed,currency 1,-2135,0,12666.0,-1035.0,,0,648000.0,0.0,0.0,0.0,Credit card,-1033,0.0
363750,6413941,Closed,currency 1,-178,0,,-165.0,,0,18000.0,0.0,,0.0,Microloan,-165,
145660,5686455,Active,currency 1,-197,0,1629.0,,,0,396000.0,376852.5,0.0,0.0,Consumer credit,-29,
298150,6419105,Closed,currency 1,-725,0,-486.0,-486.0,0.0,0,85800.645,0.0,0.0,0.0,Consumer credit,-486,
160317,6113571,Active,currency 1,-445,0,1386.0,,,0,135000.0,141137.775,,0.0,Credit card,-16,
443388,5209395,Closed,currency 1,-2278,0,-1729.0,-1719.0,,0,202500.0,0.0,0.0,0.0,Consumer credit,-186,
368070,5361574,Closed,currency 1,-852,0,-817.0,-817.0,0.0,0,115875.0,0.0,0.0,0.0,Consumer credit,-814,
166600,6006976,Active,currency 1,-380,0,30941.0,,,0,90000.0,0.0,0.0,0.0,Credit card,-71,0.0
244797,6494799,Closed,currency 1,-450,0,-95.0,-95.0,0.0,0,71955.0,0.0,0.0,0.0,Consumer credit,-89,
362240,5613784,Closed,currency 1,-1364,0,-681.0,-680.0,,0,96750.0,0.0,0.0,0.0,Credit card,-654,
221465,6406241,Closed,currency 1,-1712,0,-1190.0,-1009.0,,0,225000.0,0.0,,0.0,Loan for business development,-1009,
189139,6102576,Closed,currency 1,-2539,0,-2203.0,-2232.0,0.0,0,24032.7,0.0,0.0,0.0,Consumer credit,-2232,
148732,5161064,Closed,currency 1,-960,0,-654.0,-634.0,,0,164583.0,,,0.0,Consumer credit,-634,
153752,6657344,Active,currency 1,-1423,0,,,0.0,0,450000.0,427000.5,22995.495,0.0,Credit card,-12,
179588,5203335,Active,currency 1,-1119,0,-23.0,,0.0,0,1125000.0,,,0.0,Consumer credit,-52,
297692,5155424,Closed,currency 1,-1131,0,-826.0,-826.0,,0,20214.0,0.0,0.0,0.0,Consumer credit,-781,
173891,6160945,Closed,currency 1,-2326,0,-1778.0,-1988.0,0.0,0,139815.0,0.0,0.0,0.0,Consumer credit,-1981,
276234,5213193,Closed,currency 1,-1070,0,-765.0,-765.0,,0,52227.0,0.0,0.0,0.0,Consumer credit,-739,24453.0
392243,5764179,Closed,currency 1,-1224,0,-980.0,-1039.0,,0,150732.0,0.0,0.0,0.0,Consumer credit,-1039,0.0
139592,5791261,Active,currency 1,-998,0,-620.0,,,0,0.0,0.0,0.0,0.0,Credit card,-1,
364952,6264745,Closed,currency 1,-433,0,-403.0,-404.0,,0,22500.0,0.0,,0.0,Consumer credit,-403,
144844,6683761,Closed,currency 1,-1619,0,-1466.0,-965.0,,0,248188.5,,,0.0,Consumer credit,-962,
449285,5206315,Active,currency 1,-808,0,31086.0,,,0,135000.0,83875.5,0.0,0.0,Credit card,-8,
426058,6659545,Active,currency 1,-573,0,919.0,,,0,1111680.0,878858.55,,0.0,Consumer credit,-54,
264810,5576382,Closed,currency 1,-1549,0,-1365.0,-1101.0,,0,59130.0,0.0,,0.0,Consumer credit,-1101,
151286,6301978,Closed,currency 1,-1126,0,-941.0,-941.0,0.0,0,80775.0,,,0.0,Consumer credit,-939,
377182,6584311,Closed,currency 1,-917,0,-731.0,-764.0,,0,50899.5,0.0,0.0,0.0,Consumer credit,-758,
216064,6774988,Closed,currency 1,-596,0,-263.0,-238.0,,0,102240.0,,,0.0,Consumer credit,-231,
313654,5721131,Active,currency 1,-202,0,1260.0,,0.0,0,958500.0,476126.145,0.0,0.0,Consumer credit,-15,
122527,6762856,Active,currency 1,-89,0,108.0,,,0,67500.0,67693.5,0.0,0.0,Credit card,-25,
398399,5249013,Closed,currency 1,-751,0,-355.0,-493.0,0.0,0,360000.0,0.0,0.0,0.0,Consumer credit,-448,
199225,5709711,Closed,currency 1,-1823,0,-1092.0,-1437.0,,0,584280.0,0.0,,0.0,Consumer credit,-1435,32625.0
161532,5665824,Active,currency 1,-690,0,423.0,,,0,180000.0,162783.0,0.0,0.0,Credit card,-6,
138474,6684900,Active,currency 1,-636,0,614.0,,,0,297000.0,91989.0,0.0,0.0,Credit card,-86,
335956,6214661,Closed,currency 1,-2101,0,-1858.0,-1841.0,,0,29155.5,0.0,0.0,0.0,Consumer credit,-1032,0.0
245996,5287111,Active,currency 1,-968,0,859.0,,,0,711000.0,427644.0,0.0,0.0,Consumer credit,-44,
143145,6472860,Active,currency 1,-169,0,927.0,,,0,1575000.0,1406772.0,,0.0,Consumer credit,-18,
317934,5618357,Closed,currency 1,-2847,0,-2531.0,-2366.0,,0,30622.5,,,0.0,Consumer credit,-2366,4500.0
113680,6436084,Closed,currency 1,-1490,0,-1125.0,-1066.0,,0,60844.5,,,0.0,Consumer credit,-1063,0.0
303745,5493980,Closed,currency 1,-1576,0,-1455.0,-913.0,,0,13171.5,,,0.0,Consumer credit,-910,
400748,5994463,Closed,currency 1,-302,0,-119.0,-283.0,,0,225000.0,0.0,0.0,0.0,Consumer credit,-283,41625.0
403738,5553880,Closed,currency 1,-2714,0,-1983.0,-2267.0,,0,405000.0,0.0,,0.0,Car loan,-2267,
327684,6418321,Closed,currency 1,-921,0,-829.0,-829.0,,0,18684.0,0.0,0.0,0.0,Consumer credit,-762,
148960,6684546,Active,currency 1,-1535,0,291.0,,,0,252000.0,119326.5,0.0,0.0,Consumer credit,-779,0.0
214932,6528394,Closed,currency 1,-125,0,-109.0,-124.0,,0,72000.0,0.0,0.0,0.0,Consumer credit,-121,0.0
435607,6148225,Closed,currency 1,-2248,0,-1883.0,-1891.0,,0,315000.0,0.0,0.0,0.0,Consumer credit,-1459,0.0
219454,5348542,Active,currency 1,-2531,0,-1409.0,-2399.0,0.0,0,45000.0,0.0,0.0,0.0,Credit card,-613,
147234,5487081,Closed,currency 1,-704,0,-523.0,-581.0,,0,89775.0,0.0,0.0,0.0,Consumer credit,-580,
271248,5791364,Active,currency 1,-2144,0,49.0,,,0,472500.0,200425.5,0.0,0.0,Credit card,-10,
168922,5499981,Active,currency 1,-71,0,184.0,,,0,135000.0,32809.5,0.0,0.0,Credit card,-58,
429978,6444981,Closed,currency 1,-715,0,-705.0,-709.0,,0,9000.0,0.0,,0.0,Consumer credit,-705,
147663,5163139,Active,currency 1,-30,0,56.0,,0.0,0,7384.5,5063.175,0.0,0.0,Microloan,-3,
405025,6427121,Closed,currency 1,-2193,0,-2042.0,-2058.0,,0,136575.0,0.0,,0.0,Consumer credit,-2058,
104352,5551250,Closed,currency 1,-363,0,-245.0,-216.0,,0,41688.0,,,0.0,Consumer credit,-210,
222513,6341351,Closed,currency 1,-2812,0,840.0,-1201.0,0.0,0,90000.0,0.0,0.0,0.0,Credit card,-1201,
235160,5029014,Closed,currency 1,-413,0,,-346.0,0.0,0,67500.0,0.0,0.0,0.0,Credit card,-344,0.0
132977,6004930,Closed,currency 1,-148,0,-28.0,-28.0,0.0,0,28764.0,0.0,0.0,0.0,Consumer credit,-27,
351895,5219756,Closed,currency 1,-1520,0,-424.0,-570.0,,0,450000.0,0.0,0.0,0.0,Consumer credit,-543,
193235,5064460,Active,currency 1,-359,0,737.0,,0.0,0,1429906.545,1083764.97,0.0,0.0,Consumer credit,-25,
115034,5922134,Closed,currency 1,-2416,0,-2051.0,-2051.0,,0,36261.0,0.0,0.0,0.0,Consumer credit,-1777,0.0
223858,6180854,Active,currency 1,-1364,0,462.0,,,0,454500.0,169947.0,0.0,0.0,Consumer credit,-14,
325140,5188325,Active,currency 1,-1051,0,,,0.0,0,283500.0,45018.0,238479.75,0.0,Credit card,-16,
382446,6263435,Closed,currency 1,-487,0,-122.0,-122.0,,0,71632.35,0.0,,0.0,Consumer credit,-69,
155124,5470055,Active,currency 1,-474,0,1352.0,,,0,490500.0,417951.0,0.0,0.0,Consumer credit,-15,
358072,6586664,Closed,currency 1,-1441,0,386.0,-403.0,,0,1350000.0,0.0,0.0,0.0,Consumer credit,-356,39244.5
253332,5122352,Closed,currency 1,-2875,0,-2660.0,-2689.0,,0,19305.0,0.0,,0.0,Consumer credit,-885,
391386,5886408,Closed,currency 1,-229,0,-76.0,-76.0,0.0,0,44820.0,0.0,0.0,0.0,Consumer credit,-75,
214462,5791467,Closed,currency 1,-1082,0,-351.0,-351.0,,0,99000.0,0.0,0.0,0.0,Consumer credit,-344,
380486,5675159,Closed,currency 1,-692,0,-145.0,-145.0,0.0,0,72450.0,0.0,0.0,0.0,Consumer credit,-145,
129069,5523553,Active,currency 1,-771,429,-375.0,,236219.535,0,391500.0,0.0,0.0,208640.475,Consumer credit,-23,
134407,5078405,Closed,currency 1,-132,0,-103.0,-103.0,,0,9000.0,,,0.0,Microloan,-97,0.0
182082,6175290,Active,currency 1,-329,0,31129.0,,,0,472500.0,397417.5,0.0,0.0,Credit card,-326,
348355,5383469,Active,currency 1,-1075,0,-8.0,,,0,135000.0,0.0,0.0,0.0,Credit card,-59,
293166,5471722,Closed,currency 1,-1480,0,-1293.0,-1272.0,,0,31513.5,0.0,0.0,0.0,Consumer credit,-718,
411849,5458482,Closed,currency 1,-1065,0,-914.0,-914.0,,0,54571.5,0.0,,0.0,Consumer credit,-914,
364603,6186928,Active,currency 1,-321,0,872.0,,,0,67500.0,45814.5,0.0,0.0,Credit card,-91,
103594,5946242,Closed,currency 1,-2526,0,-2343.0,-2341.0,,0,24232.5,0.0,,0.0,Consumer credit,-2339,4329.0
416284,5852456,Closed,currency 1,-2600,0,-2509.0,-2509.0,0.0,0,13500.0,0.0,0.0,0.0,Consumer credit,-2507,29790.0
259592,6434301,Closed,currency 1,-2219,0,-1915.0,-1915.0,,0,23638.5,0.0,,0.0,Consumer credit,-1164,
207829,6350218,Closed,currency 1,-874,0,-509.0,-509.0,0.0,0,26532.0,0.0,0.0,0.0,Consumer credit,-506,
130191,5891381,Closed,currency 1,-2914,0,-2606.0,-2606.0,,0,40459.5,0.0,,0.0,Consumer credit,-1263,
189021,5379091,Active,currency 1,-1016,0,323.0,,,0,324000.0,283059.0,0.0,0.0,Credit card,-25,
106267,6578656,Closed,currency 1,-2736,0,-2186.0,-2298.0,,0,99000.0,0.0,0.0,0.0,Consumer credit,-1334,
228017,6355226,Closed,currency 1,-581,0,,-388.0,0.0,0,45000.0,0.0,0.0,0.0,Credit card,-289,
380934,6402987,Closed,currency 1,-1216,0,-125.0,-547.0,,0,0.0,0.0,0.0,0.0,Credit card,-511,
388333,6465369,Closed,currency 1,-547,0,549.0,-380.0,,0,425925.0,,,0.0,Consumer credit,-380,
131384,6727939,Active,currency 1,-368,0,1458.0,,,0,450000.0,399910.5,0.0,0.0,Consumer credit,-30,0.0
151159,6679231,Active,currency 1,-338,0,392.0,,0.0,0,86895.0,52155.0,0.0,0.0,Consumer credit,-26,
248985,6484877,Closed,currency 1,-1228,0,-1109.0,-1109.0,0.0,0,36855.0,,,0.0,Consumer credit,-1102,5278.5
160946,6133824,Active,currency 1,-330,0,,,,0,450000.0,195916.5,,0.0,Credit card,-33,11947.5
447598,5604243,Closed,currency 1,-1373,0,-1008.0,-1008.0,0.0,0,56968.29,0.0,0.0,0.0,Consumer credit,-1008,
218592,5075742,Closed,currency 1,-234,0,-13.0,-13.0,,0,66550.5,0.0,0.0,0.0,Consumer credit,-7,
271319,5763106,Closed,currency 1,-643,0,-278.0,-540.0,0.0,0,67500.0,0.0,0.0,0.0,Consumer credit,-536,
109968,5673873,Closed,currency 1,-2503,0,-2319.0,-2382.0,0.0,0,60745.5,0.0,0.0,0.0,Consumer credit,-2380,
130324,5211558,Closed,currency 1,-2459,0,31113.0,-2126.0,,0,139500.0,0.0,0.0,0.0,Credit card,-553,
451549,5082865,Active,currency 1,-484,0,247.0,,8867.385,0,225900.0,92200.5,0.0,0.0,Consumer credit,-20,
368813,5784376,Closed,currency 1,-1274,0,-1180.0,-1153.0,,0,34200.0,0.0,0.0,0.0,Consumer credit,-744,
188871,6716074,Closed,currency 1,-2408,0,-947.0,-1071.0,,0,1350000.0,,,0.0,Consumer credit,-1071,
102934,5568579,Closed,currency 1,-1540,0,-1358.0,-1388.0,,0,59089.5,0.0,,0.0,Consumer credit,-1386,39555.0
105004,5578058,Active,currency 1,-898,0,183.0,,,0,148500.0,28849.5,,0.0,Consumer credit,-27,
340823,5916297,Closed,currency 1,-2689,0,-2384.0,-2358.0,,0,27211.5,0.0,0.0,0.0,Consumer credit,-1084,0.0
379421,6007754,Closed,currency 1,-1359,0,-689.0,-721.0,,0,225000.0,0.0,0.0,0.0,Consumer credit,-718,12316.5
296350,5689280,Closed,currency 1,-2696,0,-2603.0,-2587.0,,0,27180.0,0.0,0.0,0.0,Consumer credit,-884,
124991,5236019,Closed,currency 1,-2758,0,-932.0,-1359.0,0.0,0,2038500.0,,,0.0,Consumer credit,-1359,
364977,6601678,Closed,currency 1,-91,0,1736.0,-12.0,0.0,0,1575000.0,,,0.0,Consumer credit,-12,
353921,5917088,Active,currency 1,-381,0,715.0,,,0,237150.0,16398.0,0.0,0.0,Consumer credit,-65,
409542,6147916,Closed,currency 1,-788,0,10170.0,-444.0,0.0,0,0.0,,,0.0,Credit card,-444,
213541,5472416,Closed,currency 1,-883,0,-349.0,-292.0,,0,0.0,0.0,0.0,0.0,Credit card,-284,
324505,5133580,Closed,currency 1,-2134,0,-314.0,-314.0,,0,1080000.0,0.0,0.0,0.0,Consumer credit,-309,
442963,5580989,Closed,currency 1,-1191,0,-1099.0,-1099.0,0.0,0,18432.0,,,0.0,Consumer credit,-1099,
371982,6127110,Active,currency 1,-183,0,121.0,,,0,57249.0,16510.5,,0.0,Consumer credit,-12,
283242,5999168,Closed,currency 1,-1055,0,40.0,-521.0,0.0,0,450000.0,,,0.0,Consumer credit,-521,0.0
118103,5131604,Closed,currency 1,-770,0,-296.0,-297.0,,0,0.0,0.0,0.0,0.0,Credit card,-262,
297189,5946403,Closed,currency 1,-884,0,-520.0,-479.0,,0,58450.5,,,0.0,Consumer credit,-472,0.0
105890,5796199,Closed,currency 1,-1720,0,-1536.0,-1534.0,0.0,0,134402.22,0.0,0.0,0.0,Consumer credit,-1534,
199550,5265357,Active,currency 1,-973,0,801.0,,,0,0.0,0.0,0.0,0.0,Credit card,-42,
141807,6510055,Active,currency 1,-602,0,3070.0,,,0,900000.0,65578.5,0.0,0.0,Credit card,-5,0.0
112613,5800469,Closed,currency 1,-1260,0,-1075.0,-1074.0,,0,19638.0,0.0,0.0,0.0,Consumer credit,-1073,
345804,5575841,Closed,currency 1,-467,0,-166.0,-166.0,0.0,0,81501.84,0.0,0.0,0.0,Consumer credit,-163,
105273,5233438,Closed,currency 1,-1548,0,31166.0,-1006.0,,0,0.0,0.0,0.0,0.0,Credit card,-310,
215029,5732431,Active,currency 1,-373,0,742.0,,,0,36000.0,37066.5,0.0,0.0,Credit card,-6,2700.0
236456,5399820,Closed,currency 1,-1392,0,-1148.0,-1133.0,,0,35622.0,0.0,0.0,0.0,Consumer credit,-701,
290996,5257228,Active,currency 1,-2093,0,-336.0,,0.0,0,459000.0,312331.5,146664.54,0.0,Credit card,-8,
249683,5472465,Closed,currency 1,-2834,0,-2288.0,-2381.0,,0,202500.0,0.0,0.0,0.0,Consumer credit,-898,
130133,6812075,Closed,currency 1,-801,0,-671.0,-671.0,0.0,0,252242.145,0.0,0.0,0.0,Consumer credit,-671,
371679,5838270,Active,currency 1,-503,0,897.0,,,0,99000.0,0.0,0.0,0.0,Credit card,-155,0.0
148497,6530768,Active,currency 1,-1218,0,100.0,,,0,225000.0,215275.5,0.0,0.0,Credit card,-6,
330775,5336805,Active,currency 1,-701,0,1854.0,,,0,2475000.0,,,0.0,Consumer credit,-30,0.0
126110,5898837,Closed,currency 1,-635,0,-452.0,-452.0,0.0,0,40500.0,0.0,0.0,0.0,Consumer credit,-449,
209468,5803945,Active,currency 1,-60,0,307.0,,0.0,0,50448.42,42854.355,0.0,0.0,Consumer credit,-8,
362504,6345021,Closed,currency 1,-2139,0,-1927.0,-2047.0,0.0,0,59638.77,0.0,0.0,0.0,Consumer credit,-2047,
423619,6509379,Closed,currency 1,-273,0,-212.0,-241.0,,0,36000.0,0.0,,0.0,Consumer credit,-241,
344408,6373481,Active,currency 1,-267,0,,,0.0,0,45000.0,0.0,45000.0,0.0,Credit card,-18,
250980,5409612,Closed,currency 1,-803,0,-252.0,-652.0,0.0,0,225000.0,0.0,0.0,0.0,Consumer credit,-652,
188304,6108498,Active,currency 1,-255,0,30963.0,,,0,225000.0,226120.5,0.0,0.0,Credit card,-11,22500.0
143660,6815782,Active,currency 1,-572,0,153.0,,0.0,0,133682.49,38960.64,0.0,0.0,Consumer credit,-3,
279251,5094653,Active,currency 1,-722,0,,,,0,450000.0,,,0.0,Credit card,-375,
162588,6632093,Active,currency 1,-1016,0,838.0,,,0,247500.0,243312.93,4187.07,0.0,Credit card,-3,
365527,6446672,Active,currency 1,-379,0,723.0,,,0,630000.0,640152.0,0.0,0.0,Credit card,-16,
435557,6021424,Closed,currency 1,-1843,0,-747.0,-927.0,4702.5,0,112500.0,,,0.0,Consumer credit,-923,
170651,5953992,Closed,currency 1,-972,0,154.0,-670.0,,0,963000.0,0.0,0.0,0.0,Consumer credit,-665,0.0
212862,6481857,Closed,currency 1,-2170,0,-1805.0,-1909.0,,0,54000.0,0.0,,0.0,Consumer credit,-1909,0.0
200659,5436566,Active,currency 1,-2527,0,-1430.0,,0.0,0,45000.0,0.0,0.0,0.0,Credit card,-700,
101140,6253691,Closed,currency 1,-325,0,-318.0,-318.0,,0,18000.0,0.0,0.0,0.0,Consumer credit,-262,0.0
430661,6176910,Closed,currency 1,-1983,0,-1742.0,-1207.0,,0,77881.5,,,0.0,Consumer credit,-1204,0.0
163482,5670254,Closed,currency 1,-2562,0,-737.0,-1169.0,,0,270000.0,0.0,0.0,0.0,Consumer credit,-1122,
321570,5136817,Closed,currency 1,-603,0,-297.0,-542.0,0.0,0,151245.0,0.0,0.0,0.0,Consumer credit,-542,
185659,5737436,Closed,currency 1,-969,0,-752.0,-878.0,,0,43978.5,0.0,0.0,0.0,Consumer credit,-850,
196256,6399538,Closed,currency 1,-510,0,-145.0,-445.0,0.0,0,67500.0,0.0,0.0,0.0,Consumer credit,-445,
117267,6107818,Closed,currency 1,-2438,0,-2346.0,-2315.0,8552.34,0,25425.0,0.0,0.0,0.0,Consumer credit,-2315,
400531,5657896,Closed,currency 1,-1937,0,-1815.0,-1843.0,12600.0,0,34008.57,0.0,0.0,0.0,Consumer credit,-1843,
180123,5604014,Active,currency 1,-1184,0,,,23581.89,0,540000.0,505800.0,34195.545,0.0,Credit card,-31,
159107,6368431,Active,currency 1,-724,0,366.0,,,0,270000.0,265410.0,0.0,0.0,Credit card,-56,
203159,5278354,Closed,currency 1,-357,0,-42.0,-42.0,,0,55305.0,0.0,0.0,0.0,Consumer credit,-22,
453851,6402508,Closed,currency 1,-429,0,-187.0,-161.0,,0,133164.0,,,0.0,Consumer credit,-155,
435957,6108539,Closed,currency 1,-2490,0,-1394.0,-1972.0,,0,382500.0,0.0,0.0,0.0,Consumer credit,-1081,
433049,6596721,Closed,currency 1,-338,0,-217.0,-275.0,0.0,0,15750.0,0.0,0.0,0.0,Consumer credit,-273,0.0
295192,6355902,Closed,currency 1,-750,0,10207.0,-699.0,,0,4500.0,0.0,0.0,0.0,Credit card,-461,
241781,6576035,Active,currency 1,-339,0,453.0,,,0,324000.0,203314.5,0.0,0.0,Consumer credit,-3,15363.0
181001,5057524,Closed,currency 1,-822,0,10135.0,-788.0,,0,225000.0,0.0,0.0,0.0,Credit card,-412,
159898,6522960,Active,currency 1,-603,0,858.0,,,0,1012500.0,722569.5,,0.0,Consumer credit,-21,38250.0
326009,6679546,Closed,currency 1,-1080,0,-714.0,-714.0,,0,115978.5,0.0,0.0,0.0,Consumer credit,-706,
326556,5975410,Closed,currency 1,-855,0,-494.0,-527.0,,0,94234.5,0.0,,0.0,Consumer credit,-472,
228795,5748842,Closed,currency 1,-1322,0,504.0,-519.0,,0,549000.0,0.0,0.0,0.0,Consumer credit,-484,
136614,6662003,Closed,currency 1,-1117,0,-751.0,-749.0,0.0,0,135000.0,0.0,0.0,0.0,Consumer credit,-749,
342631,6498672,Active,currency 1,-766,0,30963.0,,,0,112500.0,105052.5,,0.0,Credit card,-9,0.0
383447,6056331,Closed,currency 1,-606,0,1220.0,-383.0,0.0,0,499500.0,0.0,0.0,0.0,Consumer credit,-383,
285175,5281689,Active,currency 1,-1443,0,742.0,,,0,351000.0,397606.5,0.0,0.0,Credit card,-23,
439568,5377826,Closed,currency 1,-708,0,387.0,-527.0,,0,112500.0,,,0.0,Consumer credit,-527,
364437,5936169,Closed,currency 1,-385,0,75.0,-169.0,,0,1920433.5,0.0,,0.0,Car loan,-157,
349440,6640353,Active,currency 1,-842,0,984.0,,,0,747000.0,500242.5,0.0,0.0,Consumer credit,-37,
333019,5084284,Active,currency 1,-586,0,941.0,,,0,157500.0,149827.5,0.0,0.0,Credit card,-53,
377788,5109828,Closed,currency 1,-2345,0,-2161.0,-2146.0,0.0,0,31077.0,,,0.0,Consumer credit,-2143,
452228,5872053,Active,currency 1,-108,0,74.0,,0.0,0,39987.0,21667.5,0.0,0.0,Consumer credit,-14,
420043,6051240,Active,currency 1,-849,0,10968.0,,0.0,0,2250000.0,,,0.0,Credit card,-15,57267.0
398155,5339433,Active,currency 1,-913,0,211.0,,15840.0,0,504000.0,20880.0,0.0,0.0,Consumer credit,-609,
197782,5955630,Closed,currency 1,-2423,0,-1328.0,-2301.0,,0,114174.0,,,0.0,Credit card,-2301,
243501,6458074,Closed,currency 1,-187,0,-99.0,-105.0,,0,49500.0,0.0,0.0,0.0,Consumer credit,-95,0.0
388171,5022179,Closed,currency 1,-214,0,-184.0,-208.0,0.0,0,45004.5,0.0,0.0,0.0,Consumer credit,-203,
241514,6583835,Closed,currency 1,-2782,0,-2536.0,-2536.0,0.0,0,153277.425,0.0,0.0,0.0,Consumer credit,-2533,19804.5
410188,5362421,Closed,currency 1,-1589,0,-856.0,-856.0,,0,104449.5,0.0,,0.0,Consumer credit,-850,
333329,6532561,Closed,currency 1,-413,0,-141.0,-141.0,17572.5,0,326421.0,,,0.0,Consumer credit,-141,
450603,6457329,Active,currency 1,-199,0,166.0,,0.0,0,135000.0,67500.0,0.0,0.0,Consumer credit,-7,13072.5
380768,5169570,Active,currency 1,-897,0,912.0,,,0,0.0,4725.0,,0.0,Credit card,-12,9000.0
264820,6819694,Active,currency 1,-110,0,204.0,,,0,67500.0,61375.5,0.0,0.0,Credit card,-49,
151759,6760810,Active,currency 1,-927,0,883.0,,,0,1350000.0,675000.0,0.0,0.0,Consumer credit,-23,
218745,5538200,Active,currency 1,-380,0,1446.0,,0.0,0,289350.0,,,0.0,Consumer credit,-42,
385694,6271582,Active,currency 1,-2808,0,-2239.0,,,0,360000.0,,,0.0,Consumer credit,-2234,
310113,6291136,Closed,currency 1,-2213,0,-1483.0,-1869.0,,0,157500.0,0.0,0.0,0.0,Consumer credit,-1367,
339715,6192336,Closed,currency 1,-1069,0,5.0,-788.0,,0,0.0,0.0,0.0,0.0,Credit card,-615,
406192,5704927,Closed,currency 1,-1910,0,-1578.0,-1578.0,,0,283500.0,0.0,0.0,0.0,Consumer credit,-1335,
154301,6510994,Closed,currency 1,-1569,0,-930.0,-930.0,,0,112500.0,0.0,,0.0,Credit card,-131,
235998,6212037,Active,currency 1,-1524,0,302.0,,,0,297000.0,74673.0,0.0,0.0,Consumer credit,-20,0.0
322372,6796720,Active,currency 1,-432,0,27240.0,,0.0,0,90000.0,66018.465,23981.535,0.0,Credit card,-7,4500.0
170551,6244672,Closed,currency 1,-901,0,-750.0,-750.0,,0,314928.0,0.0,,0.0,Consumer credit,-746,
313995,6699619,Active,currency 1,-461,0,1351.0,,0.0,0,135000.0,9703.17,125296.83,0.0,Credit card,-12,2700.0
445265,6666158,Closed,currency 1,-948,0,-645.0,-619.0,,0,36558.0,,,0.0,Consumer credit,-613,
309518,5679918,Closed,currency 1,-404,0,-77.0,-103.0,,0,0.0,0.0,0.0,0.0,Credit card,-93,
200694,5515732,Active,currency 1,-101,0,229.0,,,0,135000.0,0.0,0.0,0.0,Credit card,-25,
248159,6425647,Closed,currency 1,-385,0,-20.0,-20.0,7905.96,0,103500.0,0.0,0.0,0.0,Consumer credit,-20,
177675,5545096,Closed,currency 1,-821,0,-517.0,-607.0,,0,81810.0,0.0,0.0,0.0,Consumer credit,-599,
407087,5168195,Closed,currency 1,-2171,0,-1868.0,-1868.0,0.0,0,55440.0,0.0,0.0,0.0,Consumer credit,-1868,
221037,5157482,Closed,currency 1,-1191,0,-100.0,-420.0,,0,180000.0,0.0,0.0,0.0,Consumer credit,-411,
416168,5908988,Closed,currency 1,-695,0,-329.0,-444.0,,0,47776.5,0.0,0.0,0.0,Consumer credit,-443,
202254,6115030,Active,currency 1,-269,0,827.0,,,0,548010.0,,,0.0,Consumer credit,-23,
393458,5084813,Closed,currency 1,-1617,0,-886.0,-1217.0,0.0,0,225000.0,,,0.0,Consumer credit,-1217,
156852,5339227,Active,currency 1,-71,0,114.0,,0.0,0,62046.0,53428.5,0.0,0.0,Consumer credit,-20,
182778,6004252,Active,currency 1,-1149,0,-783.0,,,0,337500.0,0.0,0.0,0.0,Credit card,-24,
228860,5851351,Closed,currency 1,-763,0,-33.0,-380.0,0.0,0,238500.0,0.0,0.0,0.0,Consumer credit,-380,
273122,6501777,Closed,currency 1,-1307,0,-1095.0,-1109.0,4528.08,0,29371.32,0.0,0.0,0.0,Consumer credit,-1094,
310882,5592277,Closed,currency 1,-2839,0,-2273.0,-2259.0,,0,132435.0,,,0.0,Consumer credit,-2259,
347746,5644312,Active,currency 1,-141,0,225.0,,0.0,0,250528.5,170749.71,0.0,0.0,Consumer credit,-17,
348197,6299363,Closed,currency 1,-793,0,-487.0,-487.0,18948.06,0,208923.57,0.0,0.0,0.0,Consumer credit,-484,
171897,6246697,Closed,currency 1,-910,0,-180.0,-532.0,0.0,0,13500.0,0.0,0.0,0.0,Credit card,-397,
141312,5870637,Closed,currency 1,-1959,0,-1410.0,-1410.0,,0,132201.0,0.0,,0.0,Consumer credit,-1184,
393551,6089520,Active,currency 1,-123,0,1679.0,,,0,162000.0,158292.0,,0.0,Consumer credit,-27,
420859,5960477,Closed,currency 1,-736,0,-583.0,-583.0,0.0,0,94344.975,0.0,0.0,0.0,Consumer credit,-582,
349368,5628453,Active,currency 1,-981,0,846.0,,,0,4383000.0,2045398.5,0.0,0.0,Consumer credit,-16,30244.5
121215,6151595,Closed,currency 1,-1094,0,-699.0,-727.0,,0,233019.0,0.0,,0.0,Consumer credit,-8,
209060,5491260,Closed,currency 1,-714,0,16.0,-374.0,,0,450000.0,0.0,0.0,0.0,Consumer credit,-266,0.0
287281,5491357,Closed,currency 1,-718,0,-353.0,-381.0,,0,225000.0,,,0.0,Car loan,-377,0.0
276946,5179566,Closed,currency 1,-735,0,-186.0,-613.0,0.0,0,58860.0,0.0,0.0,0.0,Consumer credit,-613,
278908,6636569,Closed,currency 1,-1636,0,-1271.0,-1271.0,,0,68836.5,0.0,0.0,0.0,Consumer credit,-1097,0.0
110142,5487532,Closed,currency 1,-1492,0,-1126.0,-1124.0,,0,50089.5,0.0,0.0,0.0,Consumer credit,-776,
430093,5190645,Closed,currency 1,-2052,0,-1840.0,-1869.0,0.0,0,117292.41,0.0,0.0,0.0,Consumer credit,-1869,
196725,5059007,Closed,currency 1,-1062,0,-702.0,-917.0,0.0,0,56947.5,0.0,0.0,0.0,Consumer credit,-917,
180756,6834283,Closed,currency 1,-2635,0,-2421.0,-2511.0,,0,89320.5,0.0,,0.0,Consumer credit,-13,
200241,5562745,Closed,currency 1,-1684,0,-1383.0,-1382.0,,0,23121.0,0.0,0.0,0.0,Consumer credit,-1374,0.0
294486,5814796,Closed,currency 1,-2777,0,-2411.0,-2471.0,40990.275,0,198301.5,0.0,0.0,0.0,Consumer credit,-2471,
300342,5929714,Closed,currency 1,-680,0,-496.0,-558.0,0.0,0,34344.0,0.0,0.0,0.0,Consumer credit,-557,
340036,5374973,Closed,currency 1,-499,0,-197.0,-197.0,0.0,0,159386.085,0.0,0.0,0.0,Consumer credit,-197,
322824,6462162,Closed,currency 1,-728,0,,-92.0,14026.5,0,472500.0,0.0,0.0,0.0,Credit card,-87,
205381,5671359,Active,currency 1,-405,0,691.0,,,0,1427400.0,1201423.5,0.0,0.0,Consumer credit,-173,0.0
264261,6064857,Active,currency 1,-300,0,1526.0,,,0,963000.0,871857.0,0.0,0.0,Consumer credit,-22,18238.5
336666,6718310,Closed,currency 1,-388,0,-80.0,-113.0,,0,98010.0,0.0,,0.0,Consumer credit,-103,
344399,6392267,Active,currency 1,-384,0,1442.0,,,0,855000.0,748053.0,0.0,0.0,Consumer credit,-12,0.0
321742,5291953,Closed,currency 1,-1071,0,-674.0,-856.0,0.0,0,29580.48,0.0,0.0,0.0,Consumer credit,-856,
207932,6538487,Active,currency 1,-968,0,31099.0,,,0,81000.0,0.0,,0.0,Credit card,-41,
236850,5672601,Closed,currency 1,-2557,0,-1097.0,-1097.0,,0,225000.0,0.0,,0.0,Consumer credit,-1097,
159555,6096831,Closed,currency 1,-1527,0,-1204.0,-1204.0,,0,450000.0,0.0,,0.0,Consumer credit,-1204,
361986,5621949,Closed,currency 1,-598,0,10351.0,-347.0,0.0,0,0.0,,,0.0,Credit card,-347,
243835,5371896,Closed,currency 1,-845,0,250.0,-449.0,,0,90000.0,0.0,0.0,0.0,Consumer credit,-418,9.675
295060,5432793,Active,currency 1,-520,0,593.0,,,0,144000.0,129276.0,0.0,0.0,Credit card,-8,
255489,5954808,Closed,currency 1,-482,0,-47.0,-47.0,0.0,0,173250.0,0.0,0.0,0.0,Consumer credit,-44,
362432,6219354,Closed,currency 1,-2244,0,-1879.0,-1879.0,,0,84586.5,0.0,,0.0,Consumer credit,-1349,0.0
445760,5449687,Closed,currency 1,-942,0,-210.0,-210.0,0.0,0,812700.0,0.0,0.0,0.0,Consumer credit,-210,
225776,5121491,Active,currency 1,-705,0,1141.0,,,0,787500.0,761482.485,26017.515,0.0,Credit card,-14,
360449,5259912,Closed,currency 1,-1250,0,-914.0,-943.0,,0,52280.64,0.0,,0.0,Consumer credit,-730,
424303,5461208,Closed,currency 1,-350,0,-271.0,-271.0,,0,67500.0,0.0,,0.0,Consumer credit,-267,
241096,6605770,Closed,currency 1,-1222,0,-126.0,-1140.0,,0,133299.0,0.0,0.0,0.0,Consumer credit,-1137,0.0
357904,5314460,Closed,currency 1,-891,0,-617.0,-617.0,0.0,0,104085.0,0.0,0.0,0.0,Consumer credit,-611,
324005,5386358,Active,currency 1,-1541,0,285.0,,,0,1003500.0,227466.0,,0.0,Consumer credit,-19,
135367,6696280,Closed,currency 1,-1958,0,,-367.0,0.0,0,13500.0,0.0,0.0,0.0,Credit card,-285,
284676,6812146,Active,currency 1,-432,0,298.0,,0.0,0,163976.58,144800.415,0.0,0.0,Consumer credit,-225,
386695,5939193,Closed,currency 1,-1318,0,-222.0,-1251.0,,0,885397.5,0.0,,0.0,Consumer credit,-1249,31126.5
403878,5979819,Active,currency 1,-173,30,39.0,,,0,224589.6,78577.92,,40500.0,Consumer credit,-16,
385196,6046043,Active,currency 1,-24,0,160.0,,0.0,0,49455.0,49455.0,0.0,0.0,Consumer credit,-22,
220748,5479046,Closed,currency 1,-973,0,-608.0,-608.0,,0,340290.0,0.0,0.0,0.0,Consumer credit,-590,0.0
181502,5652280,Closed,currency 1,-2028,0,-1664.0,-1003.0,,0,119610.0,,,0.0,Consumer credit,-1000,
379758,5378018,Closed,currency 1,-1006,0,-949.0,-895.0,,0,66478.5,,,0.0,Consumer credit,-892,
434964,5974896,Closed,currency 1,-454,0,-89.0,-421.0,,0,225000.0,0.0,0.0,0.0,Consumer credit,-419,
440902,5914927,Closed,currency 1,-1924,0,,-539.0,0.0,0,122400.0,0.0,0.0,0.0,Credit card,-461,
364884,5563364,Closed,currency 1,-680,0,-315.0,-590.0,0.0,0,315000.0,0.0,0.0,0.0,Consumer credit,-586,
121917,5123476,Closed,currency 1,-758,0,-485.0,-476.0,,0,124299.0,0.0,0.0,0.0,Consumer credit,-475,
100386,5514616,Active,currency 1,-435,0,297.0,,,0,168300.0,82017.0,0.0,0.0,Consumer credit,-8,0.0
230710,6706611,Active,currency 1,-573,0,157.0,,3863.07,0,94905.0,25173.0,0.0,0.0,Consumer credit,-22,
154213,5240514,Active,currency 1,-611,0,-218.0,,0.0,0,98635.95,0.0,0.0,0.0,Consumer credit,-547,
232173,6485911,Closed,currency 1,-1582,0,-1264.0,-1264.0,0.0,0,101061.0,,,0.0,Consumer credit,-1259,
132555,6527726,Active,currency 1,-663,0,999.0,,,0,0.0,0.0,0.0,0.0,Credit card,-53,
126704,5578272,Closed,currency 1,-1878,0,-1636.0,-975.0,,0,59175.0,,,0.0,Consumer credit,-972,
450056,6539668,Closed,currency 1,-537,0,-172.0,-383.0,0.0,0,77881.5,0.0,0.0,0.0,Consumer credit,-382,
241851,6050125,Closed,currency 1,-1505,0,-1049.0,-1291.0,,0,96750.0,0.0,0.0,0.0,Consumer credit,-1054,6894.0
288401,5298524,Active,currency 1,-301,0,796.0,,0.0,0,328500.0,259186.5,0.0,0.0,Consumer credit,-17,
355586,6150014,Active,currency 1,-1781,0,406.0,,,0,270000.0,0.0,0.0,0.0,Credit card,-17,
142168,5878225,Closed,currency 1,-1806,0,-1471.0,-1500.0,,0,63816.75,0.0,,0.0,Consumer credit,-4,
101360,5035851,Closed,currency 1,-100,0,-8.0,-65.0,,0,13500.0,,,0.0,Consumer credit,-54,0.0
237999,6626836,Active,currency 1,-596,0,1230.0,,,0,1575000.0,1229715.0,0.0,0.0,Consumer credit,-16,
307619,5544896,Closed,currency 1,-1868,0,-1683.0,-1683.0,,0,26010.0,0.0,,0.0,Consumer credit,-620,
320529,6077064,Closed,currency 1,-1315,0,-221.0,-371.0,0.0,0,675000.0,0.0,0.0,0.0,Consumer credit,-369,0.0
259219,5339068,Active,currency 1,-879,0,-327.0,,0.0,0,0.0,0.0,0.0,0.0,Credit card,-605,
270422,5657495,Active,currency 1,-1111,0,4349.0,,,0,5377500.0,3908695.5,0.0,0.0,Mortgage,-14,
280817,5316014,Closed,currency 1,-610,0,487.0,-183.0,0.0,0,315000.0,0.0,0.0,0.0,Consumer credit,-182,
268524,5708201,Closed,currency 1,-1761,0,-1030.0,-1030.0,,0,135000.0,0.0,0.0,0.0,Consumer credit,-501,0.0
405603,5799096,Closed,currency 1,-920,0,-737.0,-798.0,0.0,0,80100.0,0.0,0.0,0.0,Consumer credit,-789,
263140,5114532,Active,currency 1,-241,0,126.0,,0.0,0,182191.5,88825.5,0.0,0.0,Consumer credit,-28,364396.5
132996,5478446,Closed,currency 1,-1440,0,-631.0,-352.0,,0,4500.0,0.0,0.0,0.0,Credit card,-349,0.0
425593,5457713,Active,currency 1,-61,0,,,0.0,0,135440.1,114489.0,20948.895,0.0,Credit card,-26,
224485,6450421,Closed,currency 1,-2618,0,-795.0,-927.0,105115.5,0,1382022.0,,,0.0,Car loan,-927,
146791,6135766,Closed,currency 1,-1379,0,-1078.0,-987.0,,0,77512.5,,,0.0,Consumer credit,-984,
295530,5888749,Closed,currency 1,-930,0,,-231.0,0.0,0,180000.0,0.0,0.0,0.0,Credit card,-230,
140287,6329219,Closed,currency 1,-381,0,-202.0,-169.0,,0,31995.0,,,0.0,Consumer credit,-163,
118706,5854596,Active,currency 1,-301,0,,,,0,90000.0,73692.0,,0.0,Credit card,-25,8383.5
370550,5076458,Active,currency 1,-327,0,1500.0,,,0,360000.0,322731.0,0.0,0.0,Consumer credit,-15,
188779,5714374,Closed,currency 1,-2676,0,-2462.0,-2488.0,3527.46,0,34699.32,0.0,0.0,0.0,Consumer credit,-2459,
335850,5843395,Active,currency 1,-451,0,633.0,,,0,180000.0,0.0,0.0,0.0,Credit card,-12,0.0
346353,5689020,Closed,currency 1,-2473,0,-2260.0,-2288.0,2925.0,0,15112.8,0.0,0.0,0.0,Consumer credit,-2288,
417799,6756958,Closed,currency 1,-443,0,-169.0,-142.0,,0,82422.0,,,0.0,Consumer credit,-135,
391262,6072721,Active,currency 1,-1485,0,-1273.0,,,0,73188.0,0.0,,0.0,Consumer credit,-359,
265751,6160592,Closed,currency 1,-556,0,-97.0,-97.0,0.0,0,0.0,0.0,0.0,0.0,Credit card,-97,
390908,5960866,Active,currency 1,-132,0,49.0,,0.0,0,30600.0,11002.5,0.0,0.0,Consumer credit,-10,5099.985
351274,5708119,Closed,currency 1,-1022,0,-900.0,-991.0,,0,24430.5,0.0,0.0,0.0,Consumer credit,-990,0.0
352992,5668727,Closed,currency 1,-2816,0,-2590.0,-2396.0,,0,130009.5,,,0.0,Consumer credit,-2396,
334771,5143957,Active,currency 1,-1670,0,156.0,,,0,211500.0,36774.0,0.0,0.0,Consumer credit,-34,
362677,5427638,Closed,currency 1,-836,0,-533.0,-508.0,,0,46674.0,,,0.0,Consumer credit,-501,15790.5
217314,5782343,Active,currency 1,-1191,0,,,,0,225000.0,12321.0,,0.0,Consumer credit,-451,
450627,6512518,Closed,currency 1,-2625,0,-1527.0,-1651.0,15963.12,0,494550.0,0.0,0.0,0.0,Consumer credit,-1651,
343857,6441796,Active,currency 1,-149,0,,,0.0,0,157500.0,130324.5,27171.81,0.0,Credit card,-27,
374744,6295411,Closed,currency 1,-2582,0,-2093.0,-2092.0,0.0,0,272632.5,,,0.0,Consumer credit,-2092,
115791,6507737,Closed,currency 1,-2037,0,-1856.0,-1856.0,,0,44685.0,0.0,,0.0,Consumer credit,-1458,
414630,5186892,Closed,currency 1,-2374,0,-2189.0,-2163.0,3454.38,0,20106.0,0.0,0.0,0.0,Consumer credit,-2163,
214055,6717048,Closed,currency 1,-206,0,-183.0,-183.0,0.0,0,189000.0,0.0,0.0,0.0,Consumer credit,-179,
435187,6303416,Active,currency 1,-15,0,15.0,,,0,33750.0,58594.5,0.0,0.0,Consumer credit,-8,
337320,6042623,Closed,currency 1,-2597,0,-1501.0,-1778.0,,0,387000.0,,,0.0,Consumer credit,-1380,
331906,5374452,Closed,currency 1,-2705,0,-2399.0,-2367.0,,0,34456.5,,,0.0,Consumer credit,-2366,
201307,5666870,Active,currency 1,-1431,0,,,,0,91350.0,0.0,,0.0,Credit card,-784,
335028,6750744,Active,currency 1,-843,0,553.0,,,0,225000.0,176917.5,0.0,0.0,Credit card,-48,
419229,5107927,Closed,currency 1,-2536,0,-2140.0,-2168.0,4050.0,0,37715.58,0.0,0.0,0.0,Consumer credit,-2168,
187918,6141290,Closed,currency 1,-1312,0,-1099.0,-1157.0,,0,26160.3,0.0,,0.0,Consumer credit,-839,89955.0
110122,6785490,Active,currency 1,-12,0,719.0,,,0,45000.0,13594.5,0.0,0.0,Credit card,-4,
321779,6279683,Closed,currency 1,-969,0,-182.0,-182.0,,0,628200.0,0.0,0.0,0.0,Consumer credit,-181,0.0
107805,5863908,Closed,currency 1,-379,0,-197.0,-197.0,,0,49005.0,0.0,0.0,0.0,Consumer credit,-196,
342107,6064794,Closed,currency 1,-2004,0,-1669.0,-1698.0,,0,150815.7,0.0,,0.0,Consumer credit,-867,11047.5
151125,5062672,Closed,currency 1,-612,0,1214.0,-204.0,0.0,0,751500.0,0.0,0.0,0.0,Consumer credit,-204,
303030,5307917,Active,currency 1,-47,0,318.0,,,0,450000.0,450000.0,0.0,0.0,Consumer credit,-27,
274925,5069518,Active,currency 1,-434,0,27315.0,,0.0,0,180000.0,0.0,180000.0,0.0,Credit card,-162,0.0
211838,5013566,Closed,currency 1,-1423,0,-1300.0,-1300.0,,0,90184.5,0.0,0.0,0.0,Consumer credit,-696,
334259,5028156,Active,currency 1,-503,0,593.0,,,0,225000.0,,,0.0,Consumer credit,-11,
399843,6185717,Closed,currency 1,-2480,0,-1749.0,-1810.0,,0,270000.0,0.0,0.0,0.0,Consumer credit,-1807,
322141,6726476,Closed,currency 1,-816,0,-451.0,-451.0,0.0,0,200970.0,0.0,0.0,0.0,Consumer credit,-447,
346286,6814460,Closed,currency 1,-741,0,-315.0,-373.0,,0,192253.5,0.0,,0.0,Consumer credit,-371,
337449,6708459,Closed,currency 1,-1186,0,-90.0,-67.0,,0,675000.0,0.0,0.0,0.0,Consumer credit,-61,0.0
256634,6353843,Active,currency 1,-150,0,1676.0,,0.0,0,1010577.15,980581.5,0.0,0.0,Consumer credit,-22,
398823,5069762,Closed,currency 1,-406,0,-41.0,-41.0,20172.735,0,233608.5,0.0,0.0,0.0,Consumer credit,-35,
404058,6759254,Active,currency 1,-1129,0,30963.0,,,0,0.0,0.0,0.0,0.0,Credit card,-32,
268902,5537087,Closed,currency 1,-87,0,1739.0,-23.0,,0,810000.0,0.0,0.0,0.0,Consumer credit,-19,0.0
146855,5824533,Closed,currency 1,-1958,0,-1746.0,-1775.0,,0,33449.22,0.0,,0.0,Consumer credit,-767,
162131,6094598,Active,currency 1,-791,0,,,306.99,0,562500.0,562351.5,144.9,0.0,Credit card,-18,56250.0
119235,6336396,Closed,currency 1,-115,0,-98.0,-111.0,,0,18000.0,0.0,0.0,0.0,Consumer credit,-105,0.0
249316,5926171,Closed,currency 1,-1239,0,-1026.0,-967.0,,0,360000.0,,,0.0,Consumer credit,-964,
429662,5967276,Active,currency 1,-172,0,,,,0,90000.0,,,0.0,Credit card,-7,
311455,5514879,Active,currency 1,-1264,0,,,1844.73,0,135000.0,0.0,0.0,0.0,Credit card,-12,13500.0
290391,5371853,Closed,currency 1,-431,0,-132.0,-129.0,,0,432000.0,0.0,0.0,0.0,Credit card,-126,0.0
114834,5426475,Closed,currency 1,-1442,0,-1228.0,-1204.0,,0,69016.5,0.0,0.0,0.0,Consumer credit,-772,
373710,5625791,Active,currency 1,-820,0,30942.0,,,0,108000.0,105570.0,,0.0,Credit card,-14,
179926,5262764,Closed,currency 1,-2438,0,-612.0,-873.0,,0,652500.0,0.0,0.0,0.0,Consumer credit,-632,31441.5
146961,6060420,Closed,currency 1,-2256,0,-430.0,-1192.0,,0,315000.0,0.0,0.0,0.0,Consumer credit,-234,0.0
328332,5056474,Closed,currency 1,-628,0,4909.0,-401.0,61650.0,0,4950000.0,,,0.0,Mortgage,-401,
342328,5842016,Active,currency 1,-561,0,-168.0,,0.0,0,109350.0,0.0,0.0,0.0,Consumer credit,-552,
116896,6833982,Active,currency 1,-859,0,236.0,,,0,450000.0,167611.5,0.0,0.0,Consumer credit,-8,0.0
444965,6364022,Active,currency 1,-375,0,204.0,,,0,179572.635,78750.09,,0.0,Consumer credit,-22,
437120,6108151,Active,currency 1,-368,0,-184.0,,,0,25609.5,0.0,0.0,0.0,Consumer credit,-24,0.0
454536,5507686,Active,currency 1,-346,0,1480.0,,0.0,0,603949.5,551894.265,0.0,0.0,Consumer credit,-44,
131908,5068739,Closed,currency 1,-1334,0,-239.0,-491.0,0.0,0,765000.0,0.0,0.0,0.0,Consumer credit,-488,
191674,6005601,Closed,currency 1,-2506,0,-2322.0,-2321.0,,0,63081.0,0.0,,0.0,Consumer credit,-1375,0.0
213748,5955276,Closed,currency 1,-326,0,-145.0,-295.0,0.0,0,112500.0,0.0,0.0,0.0,Consumer credit,-295,
442098,5196508,Active,currency 1,-114,0,190.0,,,0,62955.0,47673.0,0.0,0.0,Consumer credit,-17,5854.5
307332,6251918,Active,currency 1,-608,0,487.0,,,0,1138500.0,709443.0,,0.0,Consumer credit,-6,
410604,6551358,Closed,currency 1,-384,0,-47.0,-76.0,9166.95,1,96385.5,0.0,0.0,0.0,Consumer credit,-76,
339739,5684941,Closed,currency 1,-1360,0,-1177.0,-1146.0,,0,38997.0,0.0,0.0,0.0,Consumer credit,-714,
202488,5119048,Closed,currency 1,-923,0,-374.0,-395.0,0.0,0,288000.0,0.0,0.0,0.0,Consumer credit,-392,
394605,5274665,Closed,currency 1,-641,0,-93.0,-125.0,0.0,0,160965.0,0.0,0.0,0.0,Consumer credit,-124,
369260,6793401,Active,currency 1,-1200,0,-78.0,,,0,324000.0,168565.5,0.0,0.0,Credit card,-47,0.0
345402,6374255,Active,currency 1,-896,0,6409.0,,,0,7560000.0,5549148.0,0.0,0.0,Mortgage,-18,66928.5
355691,6038123,Active,currency 1,-552,0,863.0,,,0,180000.0,23314.5,0.0,0.0,Credit card,-29,17518.5
442885,6317212,Active,currency 1,-2669,0,2426.0,,,0,4500000.0,3301177.5,,0.0,Consumer credit,-130,0.0
450597,5225089,Closed,currency 1,-2914,0,-2702.0,-2821.0,4365.0,0,23684.4,0.0,0.0,0.0,Consumer credit,-2821,
342836,5775270,Active,currency 1,-393,0,1433.0,,0.0,0,468000.0,424840.5,0.0,0.0,Consumer credit,-15,7799.985
204906,6069363,Closed,currency 1,-764,0,-428.0,-428.0,0.0,0,141547.5,0.0,0.0,0.0,Consumer credit,-422,
375010,6505803,Active,currency 1,-978,0,,,0.0,0,540000.0,515866.5,24133.5,0.0,Credit card,-11,
246486,6069157,Closed,currency 1,-89,0,32.0,-58.0,,0,47250.0,0.0,0.0,0.0,Consumer credit,-56,1737.0
157261,5124757,Closed,currency 1,-2137,0,-1985.0,-1982.0,,0,36711.0,0.0,0.0,0.0,Consumer credit,-767,
424046,5376176,Active,currency 1,-1365,0,2288.0,,,0,499500.0,471325.5,,0.0,Credit card,-58,
388864,5646178,Closed,currency 1,-2825,0,-2641.0,-2640.0,0.0,0,52771.5,,,0.0,Consumer credit,-2635,
332053,5434849,Closed,currency 1,-1790,0,-1060.0,-1364.0,50401.8,0,315000.0,0.0,0.0,0.0,Consumer credit,-1364,
420027,5406250,Closed,currency 1,-1190,0,637.0,-89.0,,0,1125000.0,0.0,0.0,0.0,Consumer credit,-84,0.0
378750,6434399,Closed,currency 1,-1640,0,-1485.0,-1485.0,0.0,0,40132.8,0.0,0.0,0.0,Consumer credit,-660,
221573,6610770,Active,currency 1,-1065,0,,,0.0,0,974250.0,675265.5,298984.5,0.0,Credit card,-13,97425.0
209463,5291268,Closed,currency 1,-1317,0,-1225.0,-1225.0,,0,42201.0,0.0,0.0,0.0,Consumer credit,-1225,
425490,5075624,Active,currency 1,-1336,0,491.0,,,0,1350000.0,311116.5,0.0,0.0,Consumer credit,-21,
129234,5601769,Closed,currency 1,-481,0,-177.0,-177.0,0.0,0,40455.0,0.0,0.0,0.0,Consumer credit,-177,
203249,6110624,Closed,currency 1,-560,0,-195.0,-454.0,,0,270000.0,0.0,0.0,0.0,Consumer credit,-135,
282939,6410192,Active,currency 1,-1641,0,-301.0,,0.0,0,991440.0,,,0.0,Consumer credit,-1284,0.0
409783,6199559,Closed,currency 1,-330,0,-149.0,-149.0,0.0,0,36450.0,0.0,0.0,0.0,Consumer credit,-149,
212195,5661516,Active,currency 1,-1522,0,304.0,,,0,99000.0,84933.0,0.0,0.0,Consumer credit,-1274,
141813,5088762,Active,currency 1,-2037,0,-945.0,,,0,76707.0,,,0.0,Consumer credit,-1491,
209280,6699260,Active,currency 1,-610,0,8.0,,,0,90000.0,50728.5,0.0,0.0,Credit card,-8,
281714,6538736,Closed,currency 1,-236,0,-53.0,-81.0,0.0,0,256491.0,0.0,0.0,0.0,Consumer credit,-81,0.0
417830,6272761,Closed,currency 1,-2700,0,-1604.0,-2349.0,,0,135000.0,0.0,0.0,0.0,Consumer credit,-1512,12438.0
276531,6307764,Closed,currency 1,-414,0,-172.0,-172.0,0.0,0,118125.0,0.0,0.0,0.0,Consumer credit,-169,
272304,5501817,Closed,currency 1,-709,0,1120.0,-403.0,,0,1350000.0,0.0,0.0,0.0,Consumer credit,-393,0.0
300996,5797593,Closed,currency 1,-1394,0,-298.0,-478.0,,0,783000.0,0.0,0.0,0.0,Consumer credit,-178,0.0
279671,5374164,Closed,currency 1,-2281,0,-1308.0,-1308.0,0.0,0,11250.0,0.0,0.0,0.0,Credit card,-1280,
244077,5971705,Closed,currency 1,-564,0,-504.0,-504.0,,0,194332.5,0.0,0.0,0.0,Consumer credit,-503,14728.5
204345,6637243,Closed,currency 1,-1679,0,-1467.0,-1467.0,23613.93,0,155011.5,0.0,0.0,0.0,Consumer credit,-1467,11739.375
320453,6767267,Closed,currency 1,-1272,0,-1180.0,-1211.0,,0,44190.0,0.0,0.0,0.0,Consumer credit,-1211,0.0
350574,5745875,Closed,currency 1,-2873,0,-2142.0,-2192.0,,0,189000.0,0.0,0.0,0.0,Consumer credit,-457,
357131,6346867,Closed,currency 1,-2531,0,-2226.0,-2225.0,0.0,0,74326.5,,,0.0,Consumer credit,-2224,
126742,6367267,Closed,currency 1,-1398,0,394.0,-467.0,,0,675000.0,0.0,,0.0,Consumer credit,-462,
276769,5662290,Closed,currency 1,-2323,0,-2017.0,-2014.0,,0,25659.0,0.0,0.0,0.0,Consumer credit,-2009,
316276,5624819,Active,currency 1,-34,0,90.0,,0.0,0,15435.0,15435.0,0.0,0.0,Consumer credit,-33,
159788,5270065,Active,currency 1,-410,0,,,,0,90000.0,,,0.0,Credit card,-409,
428787,5972133,Closed,currency 1,-977,0,-794.0,-822.0,,0,20584.125,0.0,,0.0,Consumer credit,-765,
114889,6720796,Active,currency 1,-1134,0,693.0,,,0,234000.0,118296.0,0.0,0.0,Consumer credit,-8,
389980,6211511,Closed,currency 1,-1105,0,-1088.0,-1088.0,,0,34834.5,0.0,0.0,0.0,Consumer credit,-900,
165420,5201295,Active,currency 1,-105,0,-75.0,,0.0,0,31500.0,31500.0,0.0,0.0,Consumer credit,-86,
381052,6080447,Closed,currency 1,-341,0,-174.0,-174.0,,0,58590.0,0.0,,0.0,Consumer credit,-154,
147890,6319871,Closed,currency 1,-1409,0,-1351.0,-1351.0,,0,675000.0,0.0,0.0,0.0,Consumer credit,-1346,
384011,5820824,Active,currency 1,-24,0,707.0,,0.0,0,102906.0,102906.0,0.0,0.0,Consumer credit,-23,4287.735
258611,5904443,Closed,currency 1,-333,0,1493.0,-241.0,,0,85500.0,0.0,0.0,0.0,Consumer credit,-42,
190394,5567679,Closed,currency 1,-1218,0,-671.0,-1036.0,,0,108157.5,0.0,,0.0,Consumer credit,-537,
142125,6296234,Closed,currency 1,-787,0,-57.0,-56.0,,0,148500.0,0.0,0.0,0.0,Consumer credit,-14,
127104,6051156,Closed,currency 1,-1346,0,-980.0,-980.0,,0,58585.5,0.0,,0.0,Consumer credit,-977,
442295,5740258,Closed,currency 1,-2313,0,-2124.0,-2202.0,,0,135000.0,0.0,,0.0,Consumer credit,-2200,
146586,6561330,Active,currency 1,-152,0,27521.0,,0.0,0,22500.0,11816.415,10683.585,0.0,Credit card,-12,
338640,5135080,Closed,currency 1,-822,0,298.0,-357.0,,0,0.0,,,0.0,Credit card,-357,
351781,6271273,Closed,currency 1,-846,0,-107.0,-107.0,0.0,0,483750.0,0.0,0.0,0.0,Consumer credit,-102,
147357,5918294,Closed,currency 1,-1611,0,-1429.0,-1283.0,,0,118449.0,0.0,0.0,0.0,Consumer credit,-1283,0.0
195401,5644467,Closed,currency 1,-965,0,-600.0,-536.0,,0,0.0,0.0,0.0,0.0,Credit card,-427,
391876,6207805,Closed,currency 1,-1810,0,-1687.0,-1659.0,,0,41769.0,0.0,0.0,0.0,Consumer credit,-942,
353952,6173701,Active,currency 1,-126,0,176.0,,,0,20614.5,16807.5,0.0,0.0,Consumer credit,-62,
356983,5925284,Active,currency 1,-299,0,869.0,,,0,135000.0,42993.0,0.0,0.0,Credit card,-118,
133325,5651109,Closed,currency 1,-984,0,112.0,-399.0,,0,540000.0,0.0,,0.0,Consumer credit,-392,
400374,6816800,Closed,currency 1,-442,0,-166.0,-166.0,,0,66411.0,0.0,0.0,0.0,Consumer credit,-160,0.0
198051,5693716,Active,currency 1,-946,0,242.0,,30996.0,0,900000.0,,,0.0,Consumer credit,-42,
278406,6840914,Closed,currency 1,-124,0,-63.0,-36.0,,0,65470.5,,,0.0,Consumer credit,-29,
222912,6465900,Closed,currency 1,-1194,0,-888.0,-919.0,0.0,0,76905.0,0.0,0.0,0.0,Consumer credit,-912,
153302,6768410,Active,currency 1,-1274,0,-909.0,,,0,131724.0,36405.0,,0.0,Consumer credit,-909,
380695,6838711,Closed,currency 1,-2914,0,12805.0,-220.0,,0,114750.0,0.0,0.0,0.0,Credit card,-210,
251980,6253378,Active,currency 1,-2342,0,-2157.0,,,0,90000.0,,,0.0,Consumer credit,-2177,15664.5
377627,6787055,Closed,currency 1,-1156,0,-723.0,-723.0,0.0,0,172193.895,0.0,0.0,0.0,Consumer credit,-723,
442115,6461671,Active,currency 1,-1708,0,118.0,,0.0,0,4500.0,0.0,0.0,0.0,Credit card,-675,
216193,6389012,Closed,currency 1,-942,0,-388.0,-388.0,3084.03,0,49221.0,0.0,0.0,0.0,Consumer credit,-385,4146.93
152692,5493726,Active,currency 1,-170,0,1656.0,,,0,1478880.0,,,0.0,Consumer credit,-19,
139313,6309828,Active,currency 1,-424,0,306.0,,0.0,0,177638.04,156977.1,0.0,0.0,Consumer credit,-231,
383149,6358182,Active,currency 1,-170,0,1646.0,,,0,936000.0,884187.0,0.0,0.0,Consumer credit,-21,
417967,6717666,Active,currency 1,-324,0,973.0,,,0,45000.0,0.0,0.0,0.0,Credit card,-101,
441916,5218907,Closed,currency 1,-1585,0,-489.0,-951.0,0.0,0,321750.0,,,0.0,Consumer credit,-951,
239139,6568836,Closed,currency 1,-512,0,-177.0,-177.0,,0,60022.71,0.0,,0.0,Consumer credit,-172,
427979,5827643,Active,currency 1,-626,0,,,,0,4500.0,,,0.0,Consumer credit,-14,
112666,5918199,Closed,currency 1,-1438,0,-1067.0,-1067.0,0.0,0,227488.5,,,0.0,Consumer credit,-1061,
346304,5065968,Active,currency 1,-234,0,,,0.0,0,101250.0,95247.0,6003.0,0.0,Credit card,-22,
137290,5257235,Closed,currency 1,-2562,0,-735.0,-845.0,,0,292500.0,0.0,0.0,0.0,Consumer credit,-826,
149908,5884944,Closed,currency 1,-2535,0,-2257.0,-2257.0,,0,40500.0,0.0,,0.0,Credit card,-921,45000.0
397700,5929283,Active,currency 1,-151,0,1675.0,,,0,243000.0,232609.5,0.0,0.0,Consumer credit,-25,6237.0
192846,5995010,Active,currency 1,-99,0,266.0,,,0,83723.22,70487.73,,0.0,Consumer credit,-3,0.0
178935,6440578,Closed,currency 1,-1191,0,-95.0,-609.0,,0,900000.0,0.0,0.0,0.0,Consumer credit,-57,
211692,6276869,Active,currency 1,-54,0,1042.0,,0.0,0,2481750.0,2436970.5,0.0,0.0,Consumer credit,-12,
247513,6049992,Closed,currency 1,-1149,0,-1028.0,-1093.0,,0,40455.0,0.0,0.0,0.0,Consumer credit,-1091,
143550,6097386,Closed,currency 1,-1543,0,-1000.0,-941.0,,0,207225.0,,,0.0,Consumer credit,-938,0.0
212337,6147524,Active,currency 1,-2342,0,-1796.0,,,0,135000.0,,,0.0,Consumer credit,-1801,0.0
436730,6683997,Closed,currency 1,-320,0,-81.0,-81.0,,0,96480.0,0.0,0.0,0.0,Consumer credit,-80,
370401,5660323,Closed,currency 1,-906,0,189.0,-897.0,,0,450000.0,0.0,,0.0,Consumer credit,-895,
422496,5193970,Closed,currency 1,-1343,0,-1161.0,-965.0,,0,51030.0,0.0,0.0,0.0,Consumer credit,-965,
136941,5883003,Closed,currency 1,-1260,0,-164.0,-1029.0,0.0,0,450000.0,,,0.0,Consumer credit,-1029,
322981,5026467,Closed,currency 1,-763,0,-398.0,-368.0,,0,93150.0,,,0.0,Consumer credit,-362,3442.5
248167,5547224,Closed,currency 1,-524,0,,-379.0,,0,360000.0,,,0.0,Credit card,-379,
102856,5731266,Closed,currency 1,-1669,0,157.0,-176.0,,0,742500.0,0.0,0.0,0.0,Consumer credit,-170,0.0
174205,6140387,Closed,currency 1,-1134,0,-65.0,-65.0,,0,2499676.2,0.0,,0.0,Consumer credit,-49,
180183,6498610,Active,currency 1,-189,0,921.0,,,0,58500.0,4657.5,0.0,0.0,Credit card,-124,0.0
375755,5057748,Closed,currency 1,-554,0,-310.0,-310.0,0.0,0,180868.5,0.0,0.0,0.0,Consumer credit,-305,
201077,5852920,Closed,currency 1,-76,0,-29.0,-40.0,,0,13500.0,0.0,0.0,0.0,Consumer credit,-37,0.0
363990,5563548,Active,currency 1,-1571,0,-910.0,,,0,0.0,0.0,0.0,0.0,Credit card,-27,
384859,6287430,Closed,currency 1,-2308,0,-2217.0,-2210.0,,0,48870.0,0.0,0.0,0.0,Consumer credit,-995,0.0
332942,5715548,Closed,currency 1,-711,0,-530.0,-512.0,953.235,0,17955.0,0.0,0.0,0.0,Consumer credit,-511,
266118,5336597,Closed,currency 1,-205,0,-22.0,-19.0,,0,53275.5,,,0.0,Consumer credit,-8,31684.5
269505,5372442,Active,currency 1,-236,0,-51.0,,,0,72121.5,0.0,0.0,0.0,Consumer credit,-49,10303.2
454125,6783368,Closed,currency 1,-589,0,-224.0,-224.0,,0,55350.0,0.0,,0.0,Consumer credit,-218,0.0
448455,5543338,Closed,currency 1,-2358,0,-2022.0,-2052.0,0.0,0,53696.7,0.0,0.0,0.0,Consumer credit,-2052,
378261,5848302,Active,currency 1,-621,0,109.0,,,0,326340.0,63360.0,0.0,0.0,Consumer credit,-9,
319449,6485878,Closed,currency 1,-1456,0,-360.0,-490.0,,0,180000.0,0.0,,0.0,Credit card,-490,
274776,6099306,Closed,currency 1,-38,0,-22.0,-29.0,,0,13500.0,0.0,0.0,0.0,Consumer credit,-27,0.0
103261,5571602,Active,currency 1,-1640,0,5665.0,,,0,4725000.0,3147403.5,0.0,0.0,Mortgage,-10,
199348,5554835,Closed,currency 1,-877,0,-547.0,-518.0,,0,67500.0,,,0.0,Consumer credit,-512,0.0
306772,5312579,Closed,currency 1,-502,0,594.0,-350.0,,0,225000.0,,,0.0,Consumer credit,-350,
382951,5665811,Closed,currency 1,-1143,0,-592.0,-777.0,,0,111775.5,0.0,0.0,0.0,Consumer credit,-755,
226838,5478080,Closed,currency 1,-885,0,-581.0,-581.0,0.0,0,44410.5,0.0,0.0,0.0,Consumer credit,-580,
103475,6732240,Closed,currency 1,-2837,0,-2502.0,-2530.0,,0,48069.45,0.0,,0.0,Consumer credit,-910,
278808,6688757,Closed,currency 1,-994,0,-779.0,-839.0,,0,28710.0,0.0,,0.0,Consumer credit,-811,0.0
389861,5036470,Closed,currency 1,-1855,0,-1520.0,-1549.0,,0,162810.0,0.0,,0.0,Consumer credit,-728,
259727,6285938,Closed,currency 1,-2388,0,-2084.0,-2080.0,,0,138460.5,0.0,,0.0,Consumer credit,-448,
446699,5001833,Closed,currency 1,-997,0,-874.0,-874.0,0.0,0,15705.0,0.0,0.0,0.0,Consumer credit,-873,
356884,6087126,Closed,currency 1,-1288,0,-192.0,-372.0,,0,270000.0,0.0,0.0,0.0,Consumer credit,-209,0.0
423029,6699785,Active,currency 1,-1080,0,746.0,,,0,675000.0,,,0.0,Consumer credit,-1049,21735.0
206779,6521627,Closed,currency 1,-1769,0,-673.0,-732.0,,0,450000.0,0.0,0.0,0.0,Consumer credit,-729,
161625,6146376,Active,currency 1,-226,0,-196.0,,,0,45000.0,0.0,0.0,0.0,Credit card,-48,
345967,5322336,Active,currency 1,-280,0,,,1797.525,0,90000.0,89406.0,591.795,0.0,Credit card,-17,
422692,5429868,Closed,currency 1,-1214,0,-825.0,-825.0,,0,167553.0,0.0,0.0,0.0,Consumer credit,-821,
411165,6197331,Closed,currency 1,-377,0,-21.0,-21.0,0.0,0,1237500.0,0.0,0.0,0.0,Consumer credit,-19,
127890,6268697,Active,currency 1,-761,0,,,,0,3132000.0,,,0.0,Mortgage,-33,
344144,6812539,Closed,currency 1,-304,0,61.0,-286.0,0.0,0,62941.5,0.0,0.0,0.0,Consumer credit,-155,
267019,6581073,Active,currency 1,-1011,0,85.0,,6826.185,0,344387.745,29340.72,0.0,0.0,Consumer credit,-8,
148776,5698167,Closed,currency 1,-2097,0,-2002.0,-1991.0,,0,82485.0,0.0,0.0,0.0,Consumer credit,-746,
189964,5679261,Active,currency 1,-231,0,813.0,,,0,108000.0,105660.0,0.0,0.0,Credit card,-12,0.0
227816,6111182,Active,currency 1,-1552,0,274.0,,0.0,0,742500.0,171162.0,0.0,0.0,Consumer credit,-25,0.0
300437,5940268,Active,currency 1,-414,0,1353.0,,,0,450000.0,0.0,0.0,0.0,Consumer credit,-195,415057.5
352700,5968588,Closed,currency 1,-943,0,883.0,-731.0,,0,1831500.0,0.0,0.0,0.0,Consumer credit,-730,1753015.5
419465,6423583,Closed,currency 1,-2732,0,-2393.0,-2393.0,,0,90000.0,0.0,,0.0,Consumer credit,-2291,5512.5
454271,5984788,Closed,currency 1,-746,0,1080.0,-410.0,,0,2007000.0,0.0,0.0,0.0,Consumer credit,-166,0.0
290573,6785048,Active,currency 1,-840,0,254.0,,0.0,0,328500.0,108756.27,0.0,0.0,Consumer credit,-19,
389171,5347375,Closed,currency 1,-2657,0,-2322.0,-2321.0,47610.0,0,214249.05,0.0,0.0,0.0,Consumer credit,-2321,
357686,5630520,Active,currency 1,-350,0,-320.0,,,0,135000.0,91282.5,0.0,0.0,Credit card,-64,
436757,6160637,Closed,currency 1,-1661,0,165.0,-1549.0,,0,343215.0,0.0,,0.0,Consumer credit,-1547,11106.0
297743,5850332,Closed,currency 1,-35,0,-20.0,-31.0,0.0,0,18000.0,0.0,0.0,0.0,Microloan,-31,
273513,6188868,Active,currency 1,-360,0,720.0,,,0,67500.0,0.0,0.0,0.0,Credit card,-25,
